fecha,101,102,103,104
2005-01-01,3.6,1.4,7.5,0
2005-01-02,4.4,14.5,5.8,11.9
2005-01-03,2,2.9,11.5,5.8
2005-01-04,1.8,0.2,4.3,0.4
2005-01-05,0,0,0,0
2005-01-06,0,0,1.7,0
2005-01-07,6.3,0,1.9,0
2005-01-08,5.5,1.3,2.4,23
2005-01-09,15.4,1.9,10.9,15.7
2005-01-10,1,0.8,6.7,4.7
2005-01-11,0,0.3,30.1,1.2
2005-01-12,11.2,0,3,6.5
2005-01-13,13.6,6.6,0,7.3
2005-01-14,3.3,2.7,3.5,0.3
2005-01-15,0,,1.5,0
2005-01-16,8.9,0,0.5,0
2005-01-17,7.2,7.2,8.9,16.1
2005-01-18,11,0,2.9,0
2005-01-19,0,0,0,1.9
2005-01-20,0,0.2,2,0
2005-01-21,0,0,0,0
2005-01-22,0,0,1.3,0
2005-01-23,7.5,0,9.9,1.8
2005-01-24,0,1.7,6.4,0
2005-01-25,5.1,,0,4.1
2005-01-26,4.7,4.1,4.2,7.5
2005-01-27,3.3,0,1.2,0
2005-01-28,9.9,1.2,4.4,1.2
2005-01-29,0,0.5,3.5,16.2
2005-01-30,0,0.1,3.2,1.4
2005-01-31,0,0,26.5,0
2005-02-01,9.6,4.1,42.9,5.6
2005-02-02,1.5,0.5,33.8,0
2005-02-03,,0,6.4,0
2005-02-04,0,0,16.2,0
2005-02-05,0,0,18.1,0
2005-02-06,5.3,0,9.6,0
2005-02-07,8.1,2.3,2.2,6.9
2005-02-08,5.5,2.3,44.4,3.1
2005-02-09,3.8,15.2,13.7,1.4
2005-02-10,12.7,5.1,3.5,2.2
2005-02-11,28.8,19.5,33.3,5.8
2005-02-12,14.5,5.4,1.5,11
2005-02-13,12.5,10.4,22.8,9
2005-02-14,3.2,7.3,0.5,3.8
2005-02-15,1.5,7.8,4.6,1.5
2005-02-16,7,2.5,2,0.5
2005-02-17,1.7,,6.6,0
2005-02-18,0,0,0.4,0
2005-02-19,2.4,0.2,10.3,0.7
2005-02-20,9.3,3.8,17.8,2.7
2005-02-21,3.9,1.7,4,2.4
2005-02-22,11.8,4.9,11,8.7
2005-02-23,0,0.1,4.2,0.5
2005-02-24,3.2,1.2,1.1,0
2005-02-25,0,0,1.3,0
2005-02-26,2.1,0,0.7,4.3
2005-02-27,0,2.7,0,5.7
2005-02-28,0,0,0.9,1.1
2005-03-01,1.5,0.8,4.7,5.3
2005-03-02,2.6,0,17.8,0
2005-03-03,13.3,1.1,19.2,0.9
2005-03-04,0,12.6,18.2,3
2005-03-05,0,0,0,0
2005-03-06,0,0,0.7,1.5
2005-03-07,0,0.3,0,2.3
2005-03-08,3.6,1.8,0,0
2005-03-09,0,1.8,18.6,0
2005-03-10,3.3,2.8,33.4,0.7
2005-03-11,14.7,12.8,14.6,18
2005-03-12,9.2,1.6,8.7,5.9
2005-03-13,0,,16.7,1.8
2005-03-14,,3.6,9.3,1.2
2005-03-15,0,0,5.5,0
2005-03-16,3.3,0,0,0
2005-03-17,0,7,2.5,12
2005-03-18,0,3.8,10.5,2
2005-03-19,,0.6,10.9,1.1
2005-03-20,1.2,0,14.9,0
2005-03-21,0,0,1.7,0
2005-03-22,2.7,,14.7,2.9
2005-03-23,,2.4,12.8,0.5
2005-03-24,3.1,0.4,6.8,0
2005-03-25,0,0,10.9,0
2005-03-26,0,0,4.3,0
2005-03-27,0,0,1.3,0
2005-03-28,18.2,0,0.8,0
2005-03-29,1.6,3.5,3.5,2.3
2005-03-30,3.9,5,8.8,7.7
2005-03-31,13.2,0.8,6.2,0
2005-04-01,21.8,0.1,0.6,2.8
2005-04-02,3.9,0,1.2,8.1
2005-04-03,4.5,12.5,64.2,13.5
2005-04-04,0,1.8,6.3,0
2005-04-05,0,0,3.3,0
2005-04-06,1.2,0,2.2,0
2005-04-07,2.7,0.5,0.2,0
2005-04-08,7.3,0,1.6,0
2005-04-09,1,0,1.1,0
2005-04-10,0,0,1,0
2005-04-11,0,0.5,14.7,0
2005-04-12,0,0,2.7,0
2005-04-13,0,0,6.2,0
2005-04-14,0,0,0,0
2005-04-15,6.4,0.3,10.8,0
2005-04-16,0,1.2,1.7,3.5
2005-04-17,0,3.9,1.2,1.7
2005-04-18,0,0,0,0
2005-04-19,0,0,3.9,0
2005-04-20,0,,1.2,0
2005-04-21,0,0,11.3,0
2005-04-22,0,0,0,0
2005-04-23,0,0,2.1,0
2005-04-24,0,0,1.8,0
2005-04-25,0,0,0,0
2005-04-26,0,0,2.7,0
2005-04-27,0,0,0,0
2005-04-28,0,0,0,0
2005-04-29,0,0,4.6,0
2005-04-30,0,0,0,0
2005-05-01,0,,0,0
2005-05-02,0,,0,0
2005-05-03,0,,0,0
2005-05-04,0,,0,0
2005-05-05,0,,0,0
2005-05-06,0,,0,0
2005-05-07,0,,0,0
2005-05-08,0,,0,0
2005-05-09,0,,0,0
2005-05-10,0,,0,0
2005-05-11,0,,0,0
2005-05-12,0,,0,0
2005-05-13,4.3,,0,0
2005-05-14,0,,0,0
2005-05-15,0,,22.8,0
2005-05-16,0,,0.7,0
2005-05-17,0,,1.3,0
2005-05-18,0,,0,0
2005-05-19,0,,0,0
2005-05-20,0,,0,0
2005-05-21,0,,1.1,0
2005-05-22,0,,0,0
2005-05-23,0,,0,0
2005-05-24,0,,0,0
2005-05-25,0,,0,0
2005-05-26,0,,0,0
2005-05-27,0,,0,0
2005-05-28,0,,0,0
2005-05-29,0,,0,0
2005-05-30,0,,0,0
2005-05-31,0,,0.3,0
2005-06-01,0,0,0,0
2005-06-02,0,0,0,0
2005-06-03,0,0,0,0
2005-06-04,0,0,0,0
2005-06-05,0,0,0,0
2005-06-06,0,0,1,0
2005-06-07,0,0,0,0
2005-06-08,0,0,0,0
2005-06-09,0,0,0,0
2005-06-10,0,0,0,0
2005-06-11,0,0,0,0
2005-06-12,0,0,0,0
2005-06-13,0,0,0,0
2005-06-14,0,0,0,0
2005-06-15,0,0,0,0
2005-06-16,0,0,0,0
2005-06-17,0,0,0,0
2005-06-18,0,0,0,0
2005-06-19,0,0,0,0
2005-06-20,0,0,0,0
2005-06-21,0,0,0,0
2005-06-22,0,0,0,0
2005-06-23,0,0,0,0
2005-06-24,0,0,0,0
2005-06-25,0,0,0,0
2005-06-26,0,0,0,0
2005-06-27,0,0,0,0
2005-06-28,0,0,0,0
2005-06-29,0,0,0,0
2005-06-30,0,0,1,0
2005-07-01,0,0,0,0
2005-07-02,0,0,0,0
2005-07-03,0,0,0,0
2005-07-04,0,0,0,0
2005-07-05,0,0,7.9,0
2005-07-06,0,0,0.8,0
2005-07-07,0,0,0.6,0
2005-07-08,0,0,0,0
2005-07-09,0,0,0,0
2005-07-10,0,0,0,0
2005-07-11,0,0,0,0
2005-07-12,0,0,0,0
2005-07-13,0,0,0,0
2005-07-14,0,0,0,0
2005-07-15,0,0,0,0
2005-07-16,0,0,0,0
2005-07-17,0,0,0,0
2005-07-18,0,,7,0
2005-07-19,,1.5,11.6,1.5
2005-07-20,,0.1,6.3,0
2005-07-21,0,,2.1,0
2005-07-22,0,0,0,0
2005-07-23,0,0,0.2,0
2005-07-24,0,0,0,0
2005-07-25,0,0,6,0
2005-07-26,0,0,2.7,0
2005-07-27,0,0,0,0
2005-07-28,0,0,0,0
2005-07-29,0,0,0,0
2005-07-30,0,0,0,0
2005-07-31,0,0,0,0
2005-08-01,0,0,0,0
2005-08-02,0,0,0,0
2005-08-03,0,0,0,0
2005-08-04,0,0,0,0
2005-08-05,0,0,0,0
2005-08-06,0,0.3,8,1.7
2005-08-07,2.9,0.5,2.5,0
2005-08-08,0,0,0,0
2005-08-09,0,0,0,0
2005-08-10,0,0,0,0
2005-08-11,0,0,0,0
2005-08-12,0,0,0,0
2005-08-13,0,0,0,0
2005-08-14,0,0,0,0
2005-08-15,0,0,0,0
2005-08-16,0,0,0,0
2005-08-17,0,0,0,0
2005-08-18,0,0,0,0
2005-08-19,0,0,0,0
2005-08-20,0,0.6,0,0
2005-08-21,0,0,0,0
2005-08-22,0,0,0,0
2005-08-23,0,0,0.2,0
2005-08-24,0,0,1.5,0
2005-08-25,,0,0,0
2005-08-26,0,0,1.8,2
2005-08-27,0,0.5,0,0
2005-08-28,0,0,0,0
2005-08-29,0,0,0,0
2005-08-30,0,0,0,0
2005-08-31,0,,0,0
2005-09-01,0,0,0,0
2005-09-02,0,0,0,0
2005-09-03,0,0,0,0
2005-09-04,0,0,0,0
2005-09-05,0,0,0,0
2005-09-06,0,0,0,0
2005-09-07,0,0,0,0
2005-09-08,0,0,0,0
2005-09-09,0,0,0,0
2005-09-10,0,0,0.7,0
2005-09-11,0,0,0,0
2005-09-12,0,0.2,6.7,0.4
2005-09-13,,8.3,35.8,1.5
2005-09-14,0,1.9,2.1,1.7
2005-09-15,0,0,4.8,0
2005-09-16,0,0,0,0
2005-09-17,0,0,0,0
2005-09-18,0,0,0,0
2005-09-19,0,0,1.5,0
2005-09-20,0,0,0,0
2005-09-21,0,0,0,0
2005-09-22,0,0,1.7,0
2005-09-23,0,0.9,3,0
2005-09-24,0,0.4,0.6,0
2005-09-25,0,0,2.6,0
2005-09-26,0,0,0,0
2005-09-27,0,0,0,0
2005-09-28,0,0,0,0
2005-09-29,0,0,5.9,0
2005-09-30,0,0,0,0.5
2005-10-01,0,0,1.6,0
2005-10-02,6.7,0,32,0
2005-10-03,2.3,,11.5,3.4
2005-10-04,2.7,,2.9,2.6
2005-10-05,,0,0,0
2005-10-06,1.2,1.8,12,1.9
2005-10-07,3.8,0.2,15.1,0.7
2005-10-08,10.6,2.5,19.5,0.9
2005-10-09,0,1.7,11,0
2005-10-10,8.4,0.1,2.4,0
2005-10-11,3.4,0.3,5.1,1.1
2005-10-12,0,0.5,0,0.6
2005-10-13,0,0,4.4,0
2005-10-14,0,0,0,0
2005-10-15,0,0,0.4,0
2005-10-16,0,0,19.1,0.3
2005-10-17,3.2,3.8,6.9,2.5
2005-10-18,6.9,0,16.5,0
2005-10-19,1.2,0,1.4,0
2005-10-20,,0,0,0.2
2005-10-21,0,0,0,0
2005-10-22,0,0,7.3,0
2005-10-23,6.6,0,6.8,3.8
2005-10-24,1.9,0,7,0
2005-10-25,0,0,0.5,0
2005-10-26,3,0,0.3,0
2005-10-27,0,0,0.2,0
2005-10-28,0,0,0.4,0
2005-10-29,0,0,0,0
2005-10-30,0,0,0,0
2005-10-31,0,0,3.9,0
2005-11-01,0,0,0,0
2005-11-02,0,0.9,0,0
2005-11-03,0,0,6.5,0
2005-11-04,0,0,2.3,0
2005-11-05,0,0,0,0
2005-11-06,0,0.7,7.9,0
2005-11-07,8.6,3.7,16.2,0
2005-11-08,2.2,7.1,1.6,1.7
2005-11-09,8.8,0.1,12.1,3.2
2005-11-10,13.7,0,0.5,2.8
2005-11-11,24.6,14.3,4.5,13.2
2005-11-12,0,12.1,2,14.1
2005-11-13,0,0,0,1
2005-11-14,0,0,15.7,0
2005-11-15,4.9,2.9,0.5,0
2005-11-16,0,0,0,0
2005-11-17,1.4,1.8,1.5,0
2005-11-18,3.6,0.2,6.9,0
2005-11-19,2.2,0.3,0.2,0.5
2005-11-20,1.5,2.3,6.3,2.6
2005-11-21,3.5,1.7,4.8,4.6
2005-11-22,4.7,1.1,0.4,6.1
2005-11-23,0,0,2.4,0
2005-11-24,0,0,21.9,0
2005-11-25,2.5,0,13,0.7
2005-11-26,0,0,1,0
2005-11-27,0,0,0,0
2005-11-28,0,0,0,0
2005-11-29,0,1.3,8.6,0
2005-11-30,0,0.6,0.7,0
2005-12-01,,2.8,19.2,8.1
2005-12-02,1.9,0,5,0
2005-12-03,3,8.3,5.1,6.4
2005-12-04,1.2,0.8,7.8,3.5
2005-12-05,0,0,3.2,0.5
2005-12-06,0,4.1,0.7,0
2005-12-07,0,0,2.7,0
2005-12-08,0,5.8,12.3,0.6
2005-12-09,0,1.1,1.1,0
2005-12-10,0,0,26.7,0
2005-12-11,4.8,3.3,4.7,5.5
2005-12-12,0,0,7.5,2.1
2005-12-13,5.1,3.7,46.7,0
2005-12-14,6.6,1.6,3.7,0
2005-12-15,19.2,4.7,3.4,3.8
2005-12-16,,17.7,13.6,8.1
2005-12-17,1,8.5,4.9,0.6
2005-12-18,9.6,0.2,0.3,0
2005-12-19,2.1,0,4.8,0
2005-12-20,0,0,2.2,0
2005-12-21,0,0,5.6,0
2005-12-22,1.5,0,21.4,0
2005-12-23,1.9,0.6,7.4,3.2
2005-12-24,,0,6.8,0
2005-12-25,5.4,3.4,32.3,0
2005-12-26,11.9,0.2,16.2,0
2005-12-27,8.7,5.8,16.5,9.2
2005-12-28,5.6,1.3,6,5.1
2005-12-29,2.1,8.1,16.5,1.9
2005-12-30,,,6.2,0
2005-12-31,1.5,0,3,0
2006-01-01,4.1,0.8,7.9,13.5
2006-01-02,,0.7,4.9,2.2
2006-01-03,7.5,2.1,3.1,2.5
2006-01-04,2.3,6.7,2,19.6
2006-01-05,0,2,4.3,0
2006-01-06,3.7,0.7,7.1,0
2006-01-07,0,1.6,0,0
2006-01-08,0,0.1,5.4,0
2006-01-09,4.7,7.1,9.9,17.8
2006-01-10,0,0.2,3,3.4
2006-01-11,3.5,0.3,1.7,0.8
2006-01-12,3.1,,8.5,1.2
2006-01-13,18,3,15.5,14.2
2006-01-14,11.2,28.5,36,19.4
2006-01-15,0,1.9,4.5,0.9
2006-01-16,24.1,8.7,14.6,1.6
2006-01-17,9,3.9,46.6,6.4
2006-01-18,15,25.5,18.1,14.2
2006-01-19,1.5,1,10.5,1.4
2006-01-20,0,1.1,1.4,0
2006-01-21,0,4.6,23.5,21.5
2006-01-22,0,0.9,10.1,0
2006-01-23,13.2,0.2,5,2.1
2006-01-24,12.2,4,45,19.4
2006-01-25,10.8,0.2,1.5,1.2
2006-01-26,2.4,1,11.1,3.6
2006-01-27,1.2,0.5,24.6,1.8
2006-01-28,2.5,3.2,8.1,0.7
2006-01-29,8.1,0.2,1.7,1.3
2006-01-30,2.5,0,0,0
2006-01-31,1.6,1.1,0,0
2006-02-01,0,0.2,10,0
2006-02-02,0,0,1.4,0
2006-02-03,1.6,0.8,3.7,0.7
2006-02-04,1.1,3.3,8,0
2006-02-05,18.5,1,4.4,1.3
2006-02-06,4.6,24.2,12.7,10.5
2006-02-07,3.5,0.8,2.9,0.3
2006-02-08,22.7,6.2,18.4,0
2006-02-09,3,0.7,6.9,0
2006-02-10,1.3,1.8,23.4,1.6
2006-02-11,3.8,15.6,11.1,15.4
2006-02-12,3.7,6.1,8.5,2.7
2006-02-13,0,0,1.5,4.8
2006-02-14,2.9,0,0,0
2006-02-15,0,0,0.4,0
2006-02-16,0,0,2.3,0
2006-02-17,4.8,5.1,0,2.1
2006-02-18,13.2,16.4,7.6,17.8
2006-02-19,1.9,3,6.5,0.8
2006-02-20,9.1,3,4.6,4.4
2006-02-21,0,3,4.5,0.6
2006-02-22,6.3,0,13.1,0
2006-02-23,0,0.9,2.7,0
2006-02-24,0,0.2,22.7,2
2006-02-25,0,0.5,9.4,10
2006-02-26,5.2,0,4.8,3.2
2006-02-27,15.6,0,17.6,2.1
2006-02-28,10.9,0,5.9,1.9
2006-03-01,9.3,9.1,15.5,12.1
2006-03-02,30.7,19,45.6,10.1
2006-03-03,4.2,4.2,10,4.8
2006-03-04,2.6,1.3,2.4,8.7
2006-03-05,0,0.1,4.9,0
2006-03-06,16.2,,5.5,0
2006-03-07,0,0,0.3,0
2006-03-08,0,0.2,0,0.6
2006-03-09,0,0,2.8,0
2006-03-10,0,6.9,9.6,7.2
2006-03-11,0,0.1,2.2,0
2006-03-12,1,0,0.6,0
2006-03-13,0,0.4,48.1,0
2006-03-14,2,0,4,0
2006-03-15,0,0,24.3,0
2006-03-16,8.5,7.7,9.7,20
2006-03-17,,0.8,10,0.9
2006-03-18,12.5,0.1,7.1,0
2006-03-19,11.1,0.4,3,12.3
2006-03-20,5.1,2.1,30.1,5
2006-03-21,,2.7,24.5,5.5
2006-03-22,6.1,2.5,10.2,0.3
2006-03-23,2.5,2,11.8,2.7
2006-03-24,0,0.1,14.3,0
2006-03-25,0,0,1.1,0
2006-03-26,0,0,5.5,0
2006-03-27,0,0,19.1,0
2006-03-28,14.5,4,37.6,4
2006-03-29,4.5,3.2,6.7,14
2006-03-30,11.6,1.8,13,13.9
2006-03-31,7.5,0.2,1.7,2.9
2006-04-01,25.8,0,13.1,0
2006-04-02,8.6,0,7.4,0
2006-04-03,18.6,3.2,24.6,0
2006-04-04,2.9,1,22.4,8.2
2006-04-05,0,1.1,24.1,0
2006-04-06,7,4.1,4.6,8.9
2006-04-07,,0.1,1.3,0
2006-04-08,6.7,0,1.3,0
2006-04-09,0,13.6,9.1,0.2
2006-04-10,0,,0.3,0
2006-04-11,0,0,2.1,0
2006-04-12,3.7,0,0.7,0
2006-04-13,5.6,0,9.4,0
2006-04-14,1.9,1.3,24.6,13
2006-04-15,0,0.1,4.9,2.4
2006-04-16,14.1,0,2,0
2006-04-17,0,6,2.4,0
2006-04-18,,,0.9,0
2006-04-19,0,3,0.7,1.1
2006-04-20,0,0,0,0
2006-04-21,0,0,0,0
2006-04-22,0,0,0,0
2006-04-23,0,0,0,0
2006-04-24,0,0,0,0
2006-04-25,0,0,6.6,0
2006-04-26,0,0,31.5,0.7
2006-04-27,1.7,0,10.1,0
2006-04-28,2.2,0,0,0
2006-04-29,0,0,0,0
2006-04-30,0,0,7.5,0
2006-05-01,0,0,15.6,0
2006-05-02,0,0,0,0
2006-05-03,0,0,0,0
2006-05-04,0,0,0,0
2006-05-05,0,0,0.5,0
2006-05-06,0,0,0.9,0
2006-05-07,0,0,0.9,0
2006-05-08,0,0,1.6,0
2006-05-09,0,0,6.6,0
2006-05-10,0,0,2.8,0
2006-05-11,0,0,0,0
2006-05-12,0,0,0,0
2006-05-13,0,0,0,0
2006-05-14,0,0,0,0
2006-05-15,0,0,0,0
2006-05-16,0,0,0,0
2006-05-17,0,0,0,0
2006-05-18,0,0,0,0
2006-05-19,0,0,0,0
2006-05-20,0,0,0.7,0
2006-05-21,0,0,0,0
2006-05-22,0,0,0.7,0
2006-05-23,0,0,1.4,0
2006-05-24,0,0,0,0
2006-05-25,0,0,0,0
2006-05-26,0,0,0,0
2006-05-27,0,0,0,0
2006-05-28,0,0,0,0
2006-05-29,0,0,0,0
2006-05-30,0,0,0,0
2006-05-31,0,0,3.3,0
2006-06-01,0,0.2,4,0
2006-06-02,0,,3.5,0
2006-06-03,0,0,0,0
2006-06-04,0,0,0,0
2006-06-05,0,0,0,0
2006-06-06,0,0,0,0
2006-06-07,0,1,4.9,0
2006-06-08,0,0,0,0
2006-06-09,0,0,0,0
2006-06-10,0,0,1,0
2006-06-11,0,0,0,0
2006-06-12,0,0,0.6,0
2006-06-13,0,0,0.2,0
2006-06-14,0,0,17,0
2006-06-15,0,0,0.3,0
2006-06-16,0,0,2.9,0
2006-06-17,0,0,2.7,0
2006-06-18,0,0,0,0
2006-06-19,0,0,0,0
2006-06-20,0,0,0,0
2006-06-21,0,0,10.8,0
2006-06-22,0,0,36.1,0
2006-06-23,12.4,0.4,19.4,30
2006-06-24,,,0,0
2006-06-25,0,0.3,0,0
2006-06-26,0,0,0,0
2006-06-27,0,0,0,0
2006-06-28,0,0,1,0
2006-06-29,0,0,0.6,0
2006-06-30,0,0,0,0
2006-07-01,0,0,0,0
2006-07-02,0,0,4.2,0
2006-07-03,0,0,0,0
2006-07-04,0,0,0,0
2006-07-05,0,0,0,0
2006-07-06,0,0,0,0
2006-07-07,0,0,0,0
2006-07-08,0,0,0,0
2006-07-09,0,0,0,0
2006-07-10,0,0,0,0
2006-07-11,0,0,0,0
2006-07-12,0,0,0,0
2006-07-13,0,0,0.5,0
2006-07-14,0,0,3.1,0
2006-07-15,0,0,0,0
2006-07-16,0,0,0,0
2006-07-17,0,0,0,0
2006-07-18,0,0,0,0
2006-07-19,0,0,0,0
2006-07-20,0,0,0,0
2006-07-21,0,0,0,0
2006-07-22,0,0,0,0
2006-07-23,0,0,0,0
2006-07-24,0,0,0,0
2006-07-25,0,0,0,0
2006-07-26,0,0,0,0
2006-07-27,0,0,1.7,0
2006-07-28,0,0,2.9,0
2006-07-29,0,0,14.4,0
2006-07-30,0,0,2.3,0
2006-07-31,0,0,7.4,0
2006-08-01,0,0,1,0
2006-08-02,0,0,0.8,0
2006-08-03,0,0,0,0
2006-08-04,0,0,0,0
2006-08-05,0,0,0,0
2006-08-06,0,0,0,0
2006-08-07,0,0,0,0
2006-08-08,0,0,0,0.3
2006-08-09,0,,0,0
2006-08-10,,2.5,6.4,1.3
2006-08-11,0,0.2,0.9,4.5
2006-08-12,0,0,0,0
2006-08-13,0,0,0,0
2006-08-14,0,0,0,0
2006-08-15,,0,0,0
2006-08-16,4.8,1.2,1.9,5.4
2006-08-17,0.5,0,0.3,0
2006-08-18,0,0,3.6,0
2006-08-19,0,0,1.6,0
2006-08-20,0,0,20.9,1.3
2006-08-21,0,0,0,0
2006-08-22,0,0,3,0
2006-08-23,0,0,2.5,1.5
2006-08-24,0,0,1.9,0
2006-08-25,0,0,0,0
2006-08-26,0,0,0,0
2006-08-27,0,0,0.3,0
2006-08-28,0,0,0,0
2006-08-29,0,0.1,2.6,0
2006-08-30,0,0,0.4,0
2006-08-31,0,0,0.6,0
2006-09-01,0,0,0,0
2006-09-02,0,0.8,2.4,0
2006-09-03,0,0,0.9,0
2006-09-04,0,5.6,14.9,0
2006-09-05,0,0,2.8,0
2006-09-06,0,0,0,0
2006-09-07,0,0,0,0
2006-09-08,0,0,0,0
2006-09-09,0,0,0,0
2006-09-10,0,0,0.8,0
2006-09-11,0,0,0,0
2006-09-12,0,0,3.3,0
2006-09-13,0,0,0,0
2006-09-14,0,,0,0
2006-09-15,0,0,2.2,0
2006-09-16,1.9,2.1,0,0
2006-09-17,0,0.1,2.4,0
2006-09-18,,0,3,0
2006-09-19,0,0,0,0
2006-09-20,0,0.2,0.3,2.2
2006-09-21,0,0,1.6,0
2006-09-22,0,0,0,0
2006-09-23,0,0,0.5,0
2006-09-24,0,0.2,4.1,0.5
2006-09-25,0,0.6,3.5,0
2006-09-26,0,,0.6,0
2006-09-27,0,0,0,0
2006-09-28,0,0,0.8,2.5
2006-09-29,0,0,0,0
2006-09-30,0,0,0,0
2006-10-01,,0,0.8,0
2006-10-02,0,0,2.5,1.7
2006-10-03,0,0.6,6.8,0.7
2006-10-04,0,0,0,0
2006-10-05,3.1,1.8,24.7,0
2006-10-06,0,0.1,1.8,0
2006-10-07,2.1,2.9,1.2,1.9
2006-10-08,6.3,0,3.7,0
2006-10-09,4,0.3,3.1,0
2006-10-10,0,0,0.7,3.5
2006-10-11,,0,0,0
2006-10-12,0,0.9,1.6,2.3
2006-10-13,0,0,0,0
2006-10-14,0,0,0,0
2006-10-15,0,0,5.2,0
2006-10-16,1.3,2.1,5.8,3.1
2006-10-17,0,0,0,0
2006-10-18,0,0,0,0
2006-10-19,,0,0.8,0
2006-10-20,1.7,11.2,34.6,9.6
2006-10-21,5,0.2,5.3,1.8
2006-10-22,6.9,10.2,29.2,9.8
2006-10-23,0,0.3,15,0
2006-10-24,7.5,6,6.6,0
2006-10-25,0,0.5,1,0
2006-10-26,6.2,0.7,0,1.4
2006-10-27,10.5,0.3,0.9,0
2006-10-28,0,10,0.5,6.7
2006-10-29,,0.3,0.4,0
2006-10-30,3.8,0,1.7,0.2
2006-10-31,0,1.7,3.3,0
2006-11-01,0,0,0,0
2006-11-02,3.7,0.4,1.5,6.8
2006-11-03,2.1,4,11.3,0.4
2006-11-04,16.2,3,8.4,10.9
2006-11-05,7.1,0,1.7,0
2006-11-06,8.8,3.8,19.3,4.6
2006-11-07,7.3,6.4,33.9,6.2
2006-11-08,2.6,6,2.3,6.9
2006-11-09,0,1.7,14.6,0.5
2006-11-10,0,5.2,20.5,8.8
2006-11-11,0,,5.5,0
2006-11-12,0,0,5,0
2006-11-13,0,0,0.6,0
2006-11-14,0,0,1,0
2006-11-15,0,0,0.9,0
2006-11-16,30.9,0,18.5,0.7
2006-11-17,,0,1.3,0
2006-11-18,,0.2,8.9,0
2006-11-19,3.5,2,7.3,11.3
2006-11-20,0,0.5,0,0.5
2006-11-21,1.6,0.3,1,0
2006-11-22,0,1.3,0,0
2006-11-23,10,0,3.3,0.5
2006-11-24,31.9,0,1.3,0
2006-11-25,1.9,1,3.5,0
2006-11-26,0,1.8,3.7,0
2006-11-27,,0,0,0.7
2006-11-28,0,0,4.2,0.5
2006-11-29,6.2,20.7,24.8,10.4
2006-11-30,0,6.3,0,0
2006-12-01,0,0,0,0
2006-12-02,0,0,1.5,0
2006-12-03,0,0,5.5,0
2006-12-04,0,4.4,0,0.5
2006-12-05,0,0,0,0
2006-12-06,40.5,,15.3,7.1
2006-12-07,10.5,14.4,1.2,6
2006-12-08,0,0,4.1,0
2006-12-09,0,2.7,14.9,5.7
2006-12-10,0,1.6,5.5,1
2006-12-11,2.1,0,1.2,1
2006-12-12,0,0,1.5,0.5
2006-12-13,0,0.7,2.3,0.1
2006-12-14,0,0,0.4,0
2006-12-15,11.5,6.4,15.7,3.2
2006-12-16,2,12.7,21.6,8.8
2006-12-17,8.1,3.5,0,1.3
2006-12-18,,2.3,13.3,0.5
2006-12-19,25.6,8.2,17.5,29
2006-12-20,0,0.4,3.6,5.1
2006-12-21,14.5,2.9,15.7,14.1
2006-12-22,1.4,1.6,12.3,2
2006-12-23,8.4,4,11.2,4.4
2006-12-24,,0,0.4,0
2006-12-25,0,0,5.4,0.3
2006-12-26,1,1.5,9.4,5.4
2006-12-27,2.7,1.8,43.8,10.7
2006-12-28,1,6.7,22.4,2.5
2006-12-29,,2.3,1.8,5.1
2006-12-30,4.2,2.6,6.8,2.8
2006-12-31,0,1.3,6,0
2007-01-01,11.4,0.2,4,2.2
2007-01-02,13.9,0.5,3.7,4.6
2007-01-03,3.5,1.5,17.7,2.3
2007-01-04,1.6,0.1,0,0
2007-01-05,14.5,1,9.7,0
2007-01-06,22.6,2,5.7,0
2007-01-07,0,0,57.8,0
2007-01-08,3.6,0.1,1.1,0
2007-01-09,12.1,0,13.2,1.3
2007-01-10,9.8,5.1,18.8,10.9
2007-01-11,9.5,1.9,18.2,3.5
2007-01-12,27.8,12.3,42.1,6.8
2007-01-13,1.6,1.1,0.8,0
2007-01-14,8.6,4.2,8,20.9
2007-01-15,10.6,2.6,6.1,8.5
2007-01-16,9.4,0,11.6,1.5
2007-01-17,0,0,5.3,0
2007-01-18,6,4.1,10.3,2.6
2007-01-19,0,0,2.7,0
2007-01-20,0,0.2,3,0
2007-01-21,3.1,0,21.3,0
2007-01-22,2,8,26.5,0
2007-01-23,7.7,,0.3,0
2007-01-24,2,0.2,9,2.8
2007-01-25,0,4.2,5,16.2
2007-01-26,,0,17.1,0
2007-01-27,1.8,0,13,0
2007-01-28,11,0,8.9,0
2007-01-29,0,1.2,20.8,3.1
2007-01-30,3.2,0.7,2.5,5.1
2007-01-31,0,5.6,1.3,10.4
2007-02-01,0,0,0,0
2007-02-02,2.1,8.9,14.3,11.5
2007-02-03,11,11.8,1.4,13.2
2007-02-04,2.5,0.2,3.9,0
2007-02-05,0,2.3,7.3,0
2007-02-06,5.2,0,0,0
2007-02-07,15.9,20.5,9.2,5.2
2007-02-08,10.1,1.5,1.6,0
2007-02-09,8.9,0.2,27.3,0
2007-02-10,7.5,4.1,41.4,3
2007-02-11,6.2,0.4,25.9,0
2007-02-12,6.8,3.2,25.8,4.9
2007-02-13,5.7,0.7,7.2,0.5
2007-02-14,5,4.1,1.5,5
2007-02-15,0,2.1,0,0
2007-02-16,1.9,0,0,0
2007-02-17,0,0,9.3,0
2007-02-18,1.1,0.4,3.5,3.2
2007-02-19,5.8,4.7,9.8,0.8
2007-02-20,7.8,1.3,11.2,4.4
2007-02-21,1,1.3,1,0
2007-02-22,5.2,0.1,1.5,0
2007-02-23,12.4,0,14.7,0
2007-02-24,6.2,7.2,16.2,0
2007-02-25,1.3,0.6,16.2,0
2007-02-26,34,1.3,3.8,0
2007-02-27,,0.2,8.2,0.9
2007-02-28,0,1.9,10.5,3.2
2007-03-01,13.6,0.4,32.5,9.8
2007-03-02,5.6,0.8,46.6,2.6
2007-03-03,9.1,10.3,27.7,9.9
2007-03-04,3.3,3.4,41.3,2.6
2007-03-05,0,,5.1,0
2007-03-06,2.8,3.6,19.8,6.3
2007-03-07,1.2,,14.3,0
2007-03-08,7.9,13.4,34.9,2.1
2007-03-09,38.7,17.1,10.3,23.9
2007-03-10,14.5,1,0.4,0
2007-03-11,0,8.3,10.4,6
2007-03-12,0,0.6,17.1,1.4
2007-03-13,7.8,1.3,18.8,9.8
2007-03-14,,,20.6,0
2007-03-15,3.9,0.2,3.3,28.1
2007-03-16,2,0.9,18.1,2.3
2007-03-17,0,0.5,3.7,0.9
2007-03-18,,2.3,34.1,0
2007-03-19,14.8,0.8,27.1,0
2007-03-20,0,2.1,2.4,4.7
2007-03-21,0,0,13.5,0
2007-03-22,1.2,0,9.3,0
2007-03-23,2.4,1.7,14.1,4.2
2007-03-24,,,0.3,0
2007-03-25,1.5,0,3.1,0
2007-03-26,0,0.2,1.7,0
2007-03-27,10.8,3.6,17.3,0
2007-03-28,14.7,0.3,6.5,13.7
2007-03-29,11.4,0.4,6,0.8
2007-03-30,11.5,5,3.3,5.5
2007-03-31,0,4.4,31.3,1.2
2007-04-01,0,4.2,8.4,0.4
2007-04-02,9.7,2.7,10,0.9
2007-04-03,11.3,0.2,3.2,2.7
2007-04-04,,0.5,7.9,15.5
2007-04-05,0,2.1,9.9,0
2007-04-06,4.8,4.9,4.1,10
2007-04-07,3,0.3,4.2,0.2
2007-04-08,4.1,18,69.2,8.2
2007-04-09,0,0.6,4.7,0.4
2007-04-10,0,0,0,0
2007-04-11,3.4,0.1,1.8,0
2007-04-12,3.3,0,0,0
2007-04-13,0,0,10.3,0
2007-04-14,0,0,0.6,0
2007-04-15,0,0,0,0
2007-04-16,0,0,4.5,0
2007-04-17,0,0,2.5,0
2007-04-18,0,0,0,0
2007-04-19,0,0,0.3,0
2007-04-20,0,0,0,0
2007-04-21,39,8.8,19.7,1.3
2007-04-22,0,,21.6,0
2007-04-23,0,0,9,0
2007-04-24,0,0,13.9,0
2007-04-25,5.6,0,4.2,0
2007-04-26,0,0,4,2.5
2007-04-27,4.3,0,0,0
2007-04-28,0,0,0,0
2007-04-29,4,0,5.5,0
2007-04-30,0,0,0.3,0
2007-05-01,0,0.4,0,0
2007-05-02,0,0,0,0
2007-05-03,1,0,14.8,0
2007-05-04,0,0,0,0
2007-05-05,0,0,0,0
2007-05-06,0,0,5.3,0
2007-05-07,0,0,0,2
2007-05-08,,3,38,3.4
2007-05-09,0,0.4,8.1,0
2007-05-10,0,0,1.5,0
2007-05-11,0,0,1,0
2007-05-12,0,0,0.9,2
2007-05-13,0,0.2,0,0
2007-05-14,0,0.6,0,0
2007-05-15,0,0,0,0
2007-05-16,0,0,0.9,0
2007-05-17,0,0,0.5,0
2007-05-18,0,0,8.3,0
2007-05-19,0,0,0.6,0.2
2007-05-20,0,0,0,0
2007-05-21,0,0,0,0
2007-05-22,0,0,0,0
2007-05-23,0,0,1.6,0
2007-05-24,0,0,2.7,0
2007-05-25,0,0,0,0
2007-05-26,0,0,0,0
2007-05-27,0,0,0.6,0
2007-05-28,0,0,0.9,0
2007-05-29,0,0,0.2,0
2007-05-30,0,0,0,0
2007-05-31,0,0,1.8,0
2007-06-01,0,0,0,0
2007-06-02,0,0,0,0
2007-06-03,0,0,0.6,0
2007-06-04,0,0,0,0
2007-06-05,0,0,0,0
2007-06-06,0,0,0,0
2007-06-07,0,0,0,0
2007-06-08,0,0,0,0
2007-06-09,0,0,0,0
2007-06-10,0,0,0,0
2007-06-11,0,0,0,0
2007-06-12,0,0,0,0
2007-06-13,0,0,0,0
2007-06-14,0,0,0,0
2007-06-15,0,0,0,0
2007-06-16,0,0,0,0
2007-06-17,0,0,0,0
2007-06-18,0,0,0,0
2007-06-19,0,0,0,0
2007-06-20,0,0,0,0
2007-06-21,0,0,0,0
2007-06-22,0,0,0,0
2007-06-23,0,0,1,0
2007-06-24,0,0,1.1,0
2007-06-25,0,0,6.8,0
2007-06-26,0,0,0.8,0
2007-06-27,0,0,0,0
2007-06-28,0,0,0,0
2007-06-29,0,0,0,0
2007-06-30,0,0,0,0
2007-07-01,0,0,0,0
2007-07-02,0,0,0,0
2007-07-03,0,0,0,0
2007-07-04,0,0,0,0
2007-07-05,0,0,0.2,0
2007-07-06,0,0,0.4,0
2007-07-07,0,0,0,0
2007-07-08,3,0.2,3.4,0
2007-07-09,2.5,,1.6,1.4
2007-07-10,0,1.2,0.8,0.3
2007-07-11,0,0.5,4,0
2007-07-12,0,0,0,0
2007-07-13,0,0,0.3,0
2007-07-14,0,0,0.6,0
2007-07-15,0,0,0,0
2007-07-16,0,0,0,0
2007-07-17,0,0,0,0
2007-07-18,0,0,29,0
2007-07-19,0,0,1.7,0
2007-07-20,0,,0,0
2007-07-21,0,0,0.1,0
2007-07-22,0,0,0,0
2007-07-23,0,0,0.5,0
2007-07-24,0,0,0.3,0
2007-07-25,0,0,12.6,0
2007-07-26,,0,4.6,0
2007-07-27,0,0,1.7,0
2007-07-28,0,0,0.4,0
2007-07-29,0,0,0.3,0
2007-07-30,0,0,0,0
2007-07-31,0,0,0,0
2007-08-01,0,0,0,0
2007-08-02,0,0,0,0
2007-08-03,0,0,0,0
2007-08-04,0,0,0,0
2007-08-05,0,0,0,0
2007-08-06,0,0,0,0
2007-08-07,0,0,0,0
2007-08-08,0,0,0,0
2007-08-09,0,0,0,0
2007-08-10,0,0,2.5,0
2007-08-11,0,0,2.9,0
2007-08-12,0,0,0,0
2007-08-13,0,0,0,0
2007-08-14,0,0,0,0
2007-08-15,0,0,0,0
2007-08-16,0,0,2.6,0
2007-08-17,0,0,0,0
2007-08-18,0,0,0,0
2007-08-19,0,0,0,0
2007-08-20,0,0,0,0
2007-08-21,0,0,0,0
2007-08-22,0,0,0,0
2007-08-23,0,0,0,0
2007-08-24,0,0,0,0
2007-08-25,0,0,0,0
2007-08-26,0,0,10.2,0
2007-08-27,0,0.1,1.8,0
2007-08-28,0,0,0.7,0
2007-08-29,0,0,2.4,0
2007-08-30,0,0,4.7,0
2007-08-31,0,0,0.7,0
2007-09-01,0,0,0,0
2007-09-02,0,0,1,0
2007-09-03,2.9,0,0.5,0
2007-09-04,0,,0.1,2.9
2007-09-05,0,,0.4,0
2007-09-06,0,,6.6,0
2007-09-07,0,0,1.6,0
2007-09-08,0,0,27.2,0
2007-09-09,0,0,0.5,1
2007-09-10,0,0,0,0
2007-09-11,0,0,4.1,0.5
2007-09-12,0,0,0.3,0
2007-09-13,0,0,0,0
2007-09-14,0,0,0,0
2007-09-15,0,0,1.3,0
2007-09-16,0,0,0.6,0
2007-09-17,0,0,0,0
2007-09-18,0,0,0,0
2007-09-19,0,0,6.2,0
2007-09-20,0,0,1.3,0
2007-09-21,0,0,1.2,0
2007-09-22,0,0,1.6,0
2007-09-23,0,,0,0
2007-09-24,0,0,0.3,0
2007-09-25,0,0,4,0.5
2007-09-26,0,0,0,0
2007-09-27,0,0,0,0
2007-09-28,0,0,8,0
2007-09-29,0,0,0,0
2007-09-30,0,0,1.8,0
2007-10-01,0,0,0,0
2007-10-02,0,0,0,0
2007-10-03,0,0,0,0
2007-10-04,0,5.3,8.8,0
2007-10-05,0,1.2,0,0.7
2007-10-06,13.2,4.6,0,0
2007-10-07,6.1,15.7,11.5,10.3
2007-10-08,0,0.1,1,1.5
2007-10-09,0,0.3,7.7,0
2007-10-10,7.7,0.3,4.1,2.3
2007-10-11,0,0,0.3,0
2007-10-12,0,0,0,0
2007-10-13,0,0,0.4,0
2007-10-14,0,0,19.7,0
2007-10-15,0,0,0,0
2007-10-16,0,0,16.8,0
2007-10-17,6.6,1.7,15.1,6.9
2007-10-18,11.4,4.7,9,0
2007-10-19,1.1,0.2,8.1,0
2007-10-20,1.1,15.9,9,6.9
2007-10-21,0,,0,0
2007-10-22,0,0.3,5.4,0
2007-10-23,0,,3.5,0
2007-10-24,0,0.1,1.8,0
2007-10-25,0,0,0,0
2007-10-26,0,,0,0
2007-10-27,0,0,2.2,0
2007-10-28,0,0,14.6,0
2007-10-29,4,0.1,9.9,0
2007-10-30,0,3.5,2.8,3.4
2007-10-31,0,3.4,6.6,0.7
2007-11-01,0,0,14,0
2007-11-02,0,0,3.6,0
2007-11-03,0,0,0.5,0
2007-11-04,0,0,6.4,0
2007-11-05,0,0,2.7,0
2007-11-06,,0,0.4,0
2007-11-07,0,0,0,0
2007-11-08,0,0,0,0
2007-11-09,0,0,0,0
2007-11-10,0,0,0,0
2007-11-11,0,0,0.2,0
2007-11-12,1.7,0,0,0
2007-11-13,0,0,0.6,0
2007-11-14,0,,0.9,0
2007-11-15,9.5,14.3,43.7,8.3
2007-11-16,2.4,2.3,1.4,2.5
2007-11-17,2.4,,3,0
2007-11-18,0,0.5,3,0
2007-11-19,,0.4,2,0
2007-11-20,23.2,9.1,10.6,15.8
2007-11-21,17.7,0,17,0.4
2007-11-22,20.1,5,8.1,0.9
2007-11-23,0,0.4,3.8,1.3
2007-11-24,8.9,6.9,8.6,1.4
2007-11-25,0,,0,0
2007-11-26,1.2,4.3,0.3,19.7
2007-11-27,,,0.3,12
2007-11-28,9.5,16.2,2.8,1.2
2007-11-29,0,0.9,0.8,3.4
2007-11-30,0,0.7,11.9,0
2007-12-01,5.1,1.9,8.6,20.6
2007-12-02,1.1,0.6,0.3,0
2007-12-03,0,0,0,0
2007-12-04,0,0,0,0
2007-12-05,0,0,0,0
2007-12-06,0,0,0,0
2007-12-07,0,0,0,0.3
2007-12-08,10.5,0,4.6,0
2007-12-09,0,0.1,0,0.1
2007-12-10,0,0,0,0
2007-12-11,0,3.8,21.9,3.5
2007-12-12,9.7,0,19.5,0
2007-12-13,0,1.1,2.8,3.1
2007-12-14,6.5,0.3,2.6,3.5
2007-12-15,8.9,7.3,29.4,6.6
2007-12-16,8.6,3.3,1.6,10.2
2007-12-17,10.5,8.1,21.9,10.5
2007-12-18,0,1.1,5.8,6
2007-12-19,0,1.9,18.6,0.7
2007-12-20,0,0.3,12.2,0
2007-12-21,0,0,5.4,0
2007-12-22,19.2,0,9.7,0
2007-12-23,1.2,0,1.9,0
2007-12-24,0,0,7.9,0
2007-12-25,0,18.6,11.4,7.8
2007-12-26,0,0.2,5,0
2007-12-27,0,7.6,11.5,1.8
2007-12-28,,7.7,18.9,2.9
2007-12-29,0,7.8,0.5,4.4
2007-12-30,6.2,1.2,5.3,1.3
2007-12-31,1.4,1.2,11.3,0
2008-01-01,0,3.1,17.3,3.4
2008-01-02,4.6,2.6,16.5,5.1
2008-01-03,2.7,6.4,8.7,14.4
2008-01-04,3.9,0.9,7.8,0
2008-01-05,1.6,0.4,34.9,0
2008-01-06,2,0.8,15.1,0
2008-01-07,,0,17.5,0
2008-01-08,5.7,0,3.6,0.3
2008-01-09,8.7,2.6,10.4,5.1
2008-01-10,9.4,5.1,4.2,5.9
2008-01-11,0,0.6,12.4,0.2
2008-01-12,0,2.4,24,1.5
2008-01-13,12.2,7.9,12.8,6.1
2008-01-14,11.8,2.3,7.8,3
2008-01-15,11.2,1.6,21.6,0
2008-01-16,2.4,0.1,2.9,0
2008-01-17,0,,0.5,0
2008-01-18,4.3,0.1,8.3,2.5
2008-01-19,9.3,0.1,21.6,5.3
2008-01-20,6.2,0.3,6.6,5
2008-01-21,0,1.7,51.5,4.9
2008-01-22,2.3,0.2,14.6,4.6
2008-01-23,7.7,1.1,2.5,11.5
2008-01-24,18.4,0.2,0.7,8
2008-01-25,6.7,11.9,14.3,22.6
2008-01-26,0,4.4,9.1,3.1
2008-01-27,1.2,4.8,3.4,14.8
2008-01-28,8,6.9,6,0.4
2008-01-29,4.4,3,24.8,10.7
2008-01-30,2.7,21,11.9,5.9
2008-01-31,,5.8,4,10
2008-02-01,0,0.7,0.6,1.3
2008-02-02,1.3,1.6,2.7,6
2008-02-03,12.1,0.2,15.5,1
2008-02-04,11.2,,10.5,0
2008-02-05,1.3,3.9,18.2,2.4
2008-02-06,0,0,4.3,0
2008-02-07,0,,0,0
2008-02-08,6.8,0.2,6,4.6
2008-02-09,0,3.4,4.4,0
2008-02-10,0,,0,2.9
2008-02-11,12.4,4.1,18.8,2.2
2008-02-12,7,0.1,3.9,0
2008-02-13,15.3,0,6.3,0
2008-02-14,50,0,0,0
2008-02-15,3.5,,1.5,0
2008-02-16,0,0.1,3.5,0
2008-02-17,5.1,2.4,17.9,3.5
2008-02-18,8.5,6.6,24.7,2.5
2008-02-19,4.9,7.1,5.8,6.7
2008-02-20,0,,5,0
2008-02-21,6.1,14.6,19.4,22.8
2008-02-22,9.3,5.4,14.6,0.8
2008-02-23,27.3,1.1,6,5.3
2008-02-24,7.5,9.1,6.5,38.7
2008-02-25,0,0.3,12.2,0
2008-02-26,7.9,0,0,0.5
2008-02-27,6.9,3.8,9.4,19.3
2008-02-28,,7.6,2.3,22.6
2008-02-29,8.5,10.9,4.5,8.4
2008-03-01,3.6,0.7,3.9,11.9
2008-03-02,2.3,1.5,6,1.4
2008-03-03,,3.6,11.4,1.6
2008-03-04,4.6,6.8,8,2.7
2008-03-05,0,,3.8,4.6
2008-03-06,0,5.6,0.2,7.5
2008-03-07,3.6,4,6.2,1.3
2008-03-08,8.5,0.8,0.5,0
2008-03-09,0,7.7,14,0.3
2008-03-10,7.7,1,40,1.8
2008-03-11,24,13.7,21.4,2.7
2008-03-12,0,2.2,3,0
2008-03-13,11.5,9.1,20.2,4.9
2008-03-14,0,2.9,5,0
2008-03-15,0,,5.3,0.6
2008-03-16,0,0,1.8,0
2008-03-17,0,0,1.8,0
2008-03-18,0,0.7,5.4,1.2
2008-03-19,0,0.1,4.2,0
2008-03-20,0,0,0,0
2008-03-21,0,0,0.8,0
2008-03-22,0,0,0.7,0
2008-03-23,1.1,0,0.3,0
2008-03-24,1.3,0.2,3.1,1.2
2008-03-25,,0,1.8,0
2008-03-26,0,0,1.6,0
2008-03-27,0,0,2,0
2008-03-28,4.8,0,11,0
2008-03-29,1.6,2.9,7.5,0
2008-03-30,2.1,6,39.4,17.6
2008-03-31,0,2.7,2.2,0.2
2008-04-01,,0,3.5,0
2008-04-02,2.2,2.5,20.9,1.7
2008-04-03,0,0,1.3,0
2008-04-04,1.2,0,8.3,0
2008-04-05,0,0,2.8,0
2008-04-06,0,0,0.2,0
2008-04-07,0,0,0,0
2008-04-08,0,0,0.9,0
2008-04-09,0,0,17.5,0
2008-04-10,11,0.3,0,0
2008-04-11,6.5,0,0,0
2008-04-12,0,0,0,0
2008-04-13,6.6,0,1.1,0
2008-04-14,0,0,4.7,2.8
2008-04-15,0,0,1.3,0.3
2008-04-16,0,0.1,0.6,0
2008-04-17,0,,0.2,0
2008-04-18,0,0,0.7,0
2008-04-19,0,0,0,0
2008-04-20,6.6,0,0.2,0
2008-04-21,0,1.7,10,0
2008-04-22,5.6,,0.6,2.1
2008-04-23,,0,18.7,0
2008-04-24,2.2,0,0.2,0
2008-04-25,0,0,0,0
2008-04-26,,0,2.6,1.6
2008-04-27,0,0,0.7,0
2008-04-28,0,0,0.4,0
2008-04-29,0,0,0,0
2008-04-30,0,0,0,0
2008-05-01,0,0,1.2,0
2008-05-02,0,0,3.5,0
2008-05-03,0,0,5,0
2008-05-04,0,0,0.3,0
2008-05-05,0,0,0,0
2008-05-06,0,0,0,0
2008-05-07,0,0,0,0
2008-05-08,0,0,0,0
2008-05-09,2.8,0.7,0,0
2008-05-10,1.5,1.1,6.2,3.3
2008-05-11,0,0.3,6.4,0.6
2008-05-12,12.2,0.8,17.8,2
2008-05-13,3.5,4.2,1,0
2008-05-14,0,0,0,0
2008-05-15,0,0,0,0
2008-05-16,0,0,2.6,0
2008-05-17,0,0,0,0
2008-05-18,0,0,0,0
2008-05-19,0,0,0.5,0
2008-05-20,0,0,0,0
2008-05-21,0,0,0,0
2008-05-22,0,0,0,0
2008-05-23,0,0,0,0
2008-05-24,0,0,3.7,0
2008-05-25,0,0,6.8,0
2008-05-26,0,0,3.7,0
2008-05-27,0,0,0,0
2008-05-28,0,0,0,0
2008-05-29,0,0,0,0
2008-05-30,0,0,6.6,0
2008-05-31,0,0,10.6,0
2008-06-01,0,0,0,0
2008-06-02,0,0,0,0
2008-06-03,0,0,0.8,0
2008-06-04,0,0,0,0
2008-06-05,0,0,0,0
2008-06-06,0,0,0,0
2008-06-07,0,0,0,0
2008-06-08,0,0,0,0
2008-06-09,0,0,0,0
2008-06-10,2.6,1.5,6.6,0.5
2008-06-11,1.7,0.8,3.3,0
2008-06-12,0,0,0.5,0
2008-06-13,0,0,0,0
2008-06-14,0,0,0,2.8
2008-06-15,3.4,0.4,4.3,0.3
2008-06-16,0,0.1,0.5,0
2008-06-17,0,0,0,0
2008-06-18,0,0,0,0
2008-06-19,0,0,0,0
2008-06-20,0,0,0,0
2008-06-21,0,0,2.4,0
2008-06-22,0,0,0,0
2008-06-23,0,0,0.2,0
2008-06-24,0,0,0,0
2008-06-25,0,0,0,0
2008-06-26,0,0,0,0
2008-06-27,0,0,0.8,0
2008-06-28,0,0,0.3,0
2008-06-29,0,0,0,0
2008-06-30,0,0,0,0
2008-07-01,0,0,0,0
2008-07-02,0,0,0,0
2008-07-03,0,0,0,0
2008-07-04,0,0,0,0
2008-07-05,0,0,0,0
2008-07-06,0,0,0,0
2008-07-07,0,0,0,0
2008-07-08,0,,0,0.2
2008-07-09,0,0,0.2,0.2
2008-07-10,0,0,0,0
2008-07-11,0,0,1.5,0
2008-07-12,0,0,0.5,0
2008-07-13,0,0,1.5,0
2008-07-14,0,0,0,0
2008-07-15,0,0,0.8,0
2008-07-16,0,0,0,0
2008-07-17,0,0,0,0
2008-07-18,0,0,0,0
2008-07-19,0,0,0,0
2008-07-20,0,0,0,0
2008-07-21,0,0,0,0
2008-07-22,0,0,0,0
2008-07-23,0,0,0.3,0
2008-07-24,0,0,4.9,0
2008-07-25,0,0,0,0
2008-07-26,0,0,0,0
2008-07-27,0,0,0,0
2008-07-28,0,,1.7,0
2008-07-29,0,,2.5,0
2008-07-30,0,0.6,1.3,0.3
2008-07-31,0,0,0,0
2008-08-01,0,0,0,0
2008-08-02,0,0,0,0
2008-08-03,0,0,17.8,0
2008-08-04,0,0,0,0
2008-08-05,,0,27.6,0
2008-08-06,,2.8,16.7,1.2
2008-08-07,0,0.3,1,2
2008-08-08,0,0,0.4,0
2008-08-09,0,0,5.8,0
2008-08-10,0,0,0,0
2008-08-11,0,0,0,0
2008-08-12,0,0,5.1,0
2008-08-13,0,0,0,0
2008-08-14,0,0,0,0
2008-08-15,0,0,0,0
2008-08-16,0,0,0,0
2008-08-17,0,0,0,0
2008-08-18,0,0,6.8,0
2008-08-19,0,0,1.4,0
2008-08-20,0,0,0,0
2008-08-21,0,0,1,0
2008-08-22,0,0,1,0
2008-08-23,0,0,1.4,0
2008-08-24,0,0,0,0
2008-08-25,0,0,0,0
2008-08-26,0,0,0,0
2008-08-27,0,0,0,0
2008-08-28,0,0,0,0
2008-08-29,0,0,1.3,0
2008-08-30,0,0,0.3,0
2008-08-31,0,0,0,0
2008-09-01,0,0,0,0
2008-09-02,0,0,0,0
2008-09-03,0,0,3.2,0
2008-09-04,0,0.2,4.6,0.3
2008-09-05,0,0,0.2,0.8
2008-09-06,0,0,0,0
2008-09-07,1.1,0,0,0
2008-09-08,,0,2.5,0
2008-09-09,0,0,0,0
2008-09-10,0,0,0,3.8
2008-09-11,0,0,0,0
2008-09-12,0,0,0,0
2008-09-13,0,0,0,0
2008-09-14,0,0,0,0
2008-09-15,4.3,1.1,0,1.5
2008-09-16,0,0,3.3,0
2008-09-17,0,0,1.7,0
2008-09-18,0,1.2,0,0
2008-09-19,0,0,0,0
2008-09-20,0,1.2,0.9,3.1
2008-09-21,0,0,0,0
2008-09-22,0,0,0,0
2008-09-23,0,0,0,0
2008-09-24,0,0,0.2,0
2008-09-25,0,0,0,0
2008-09-26,2.5,0.2,1.7,0
2008-09-27,1.8,0,1.5,0
2008-09-28,2.9,0,0,0.3
2008-09-29,0,0,0.5,0
2008-09-30,0,0,1.8,0
2008-10-01,7.5,4.7,2.3,10.8
2008-10-02,1.7,0,1.7,0
2008-10-03,0,0,0,0
2008-10-04,0,0,0,0
2008-10-05,0,0,13.7,0
2008-10-06,7.3,2,33.6,4
2008-10-07,11.5,0.4,32,3.5
2008-10-08,12.2,1.4,11.1,2
2008-10-09,0,0.3,23.1,2.2
2008-10-10,0,0,0,0
2008-10-11,0,0,5.4,0
2008-10-12,2.5,0,0,0
2008-10-13,0,0,1,0
2008-10-14,0,0,5.7,0
2008-10-15,0,0,8.3,0
2008-10-16,0,0,2.8,0
2008-10-17,0,0,0,0.9
2008-10-18,2.2,1.2,3,3.7
2008-10-19,0,0,0.2,0
2008-10-20,0,0,0,0
2008-10-21,0,0,1,0
2008-10-22,0,0,2.1,0
2008-10-23,0,0,2.4,0
2008-10-24,0,0.5,2.5,2.8
2008-10-25,19.6,4.2,5.3,12.2
2008-10-26,,2.5,2.6,0.2
2008-10-27,2.6,1.9,3.8,0.2
2008-10-28,0,8.3,13.1,0
2008-10-29,0,0.1,6.7,0
2008-10-30,6,8,6.3,4.3
2008-10-31,0,,0,0
2008-11-01,0,0,3.3,0
2008-11-02,0,0,4.8,1.4
2008-11-03,4.7,7.7,5.5,2.6
2008-11-04,5.8,0,3.5,0
2008-11-05,7.6,,0,0
2008-11-06,0,,0,0
2008-11-07,2.2,0,0,0
2008-11-08,0,0,12.7,0
2008-11-09,0,0,0,0
2008-11-10,1,2.7,0.3,14.4
2008-11-11,0,0,0,0
2008-11-12,0,0,46.5,1.7
2008-11-13,4.2,2.5,5.5,0
2008-11-14,0,0.4,5.7,0
2008-11-15,0,15.2,0.5,0
2008-11-16,1.1,13.5,0,0
2008-11-17,0,0,5.5,0
2008-11-18,0,0,3.5,4.2
2008-11-19,0,0.9,1.2,2.1
2008-11-20,4.8,6.7,2.2,1.8
2008-11-21,0,0.5,4.8,0
2008-11-22,8,24.6,2.8,25.9
2008-11-23,0,,0.3,0
2008-11-24,3.2,0,6.8,0
2008-11-25,,9.7,5.6,1.3
2008-11-26,,0.3,0,0
2008-11-27,3.6,1.2,10.3,0
2008-11-28,0,5.5,1.3,4
2008-11-29,0,0.8,11,0
2008-11-30,0,0,15.2,4.7
2008-12-01,4.1,11,1.9,0
2008-12-02,5.1,2.2,4.6,14.5
2008-12-03,0,,2.5,0
2008-12-04,0,0,0.8,0
2008-12-05,0,2.1,6.4,0
2008-12-06,0,0,13.6,0
2008-12-07,0,0,8.4,0
2008-12-08,7.2,0.4,6.9,0
2008-12-09,8.5,7,4.4,4.7
2008-12-10,1.2,,0,0
2008-12-11,0,0.2,0,1.5
2008-12-12,0,0,0,0
2008-12-13,12.1,22.5,1.9,7.3
2008-12-14,12.9,13.5,4.2,30.4
2008-12-15,3.7,3.3,0.5,10.4
2008-12-16,0,3.3,11.5,4.1
2008-12-17,13.1,0.9,8.5,2.2
2008-12-18,0,4.2,5.2,0
2008-12-19,5.1,2.8,9.7,5.9
2008-12-20,,6.2,6.4,6.5
2008-12-21,8.2,0.3,2.7,0
2008-12-22,14.2,,12.5,0
2008-12-23,1.7,0.1,7.5,0.8
2008-12-24,6.2,6.3,6.7,5.2
2008-12-25,19.3,0.8,14.3,1.5
2008-12-26,11.7,3.5,16.5,8.6
2008-12-27,4.5,4.2,4.9,12.6
2008-12-28,0,,0,2.9
2008-12-29,,2.9,1.3,6.4
2008-12-30,5.6,8.2,9.3,1.1
2008-12-31,1.5,15.5,36.7,7.3
2009-01-01,4.3,2.7,18.2,1.1
2009-01-02,4.6,2,32.5,4.7
2009-01-03,1.4,13.2,41.6,15.4
2009-01-04,2.6,3.9,8.2,1.3
2009-01-05,6.8,0,3.1,0
2009-01-06,0,0.1,0.8,0.4
2009-01-07,4.8,29.8,21.2,0
2009-01-08,,4.1,2,0
2009-01-09,3.2,11.4,35.9,4
2009-01-10,4.8,11,13,7.9
2009-01-11,5.1,0.5,7.2,0.7
2009-01-12,1.6,0.2,20.6,0
2009-01-13,1.8,0,8.5,0
2009-01-14,0,0,1.2,0
2009-01-15,0,0,0,0
2009-01-16,0,17.7,4.2,5.1
2009-01-17,9.2,4.2,6.5,2.6
2009-01-18,3.6,0.4,6.4,1.5
2009-01-19,13,1.8,10,26.8
2009-01-20,4,1.7,17.4,1
2009-01-21,12.7,5.7,3.5,4.5
2009-01-22,14.3,5.5,3.2,4.5
2009-01-23,6.5,2.8,5.4,1.5
2009-01-24,0,2.3,4,0
2009-01-25,0,0,11.1,2.4
2009-01-26,3.2,14.6,17.2,1.8
2009-01-27,2.3,11.4,45.5,0
2009-01-28,4.9,2.5,16.8,1.9
2009-01-29,6.5,0.1,17.8,0
2009-01-30,1.3,1.1,6,0
2009-01-31,0,1.3,2.5,0.8
2009-02-01,4.4,8.4,32.1,4.6
2009-02-02,4.1,1.3,28.1,0.6
2009-02-03,7.1,2.9,5.7,0.6
2009-02-04,5.3,0,1.4,0
2009-02-05,4.1,0,0,0
2009-02-06,5.3,0,8.3,0
2009-02-07,6.9,,9.5,0
2009-02-08,6.5,0,0.9,1.6
2009-02-09,8.3,8.4,18.9,19.8
2009-02-10,0,,2.1,0.2
2009-02-11,0,3.4,13.7,1.7
2009-02-12,0,7.4,22.6,17.6
2009-02-13,3.1,1.5,2.8,1.5
2009-02-14,10.5,8.3,19.2,0
2009-02-15,0,,4.7,0
2009-02-16,5.6,9.4,18.9,10.7
2009-02-17,2.1,1.5,5.1,0.8
2009-02-18,0,0,4.5,0
2009-02-19,5.7,28.3,8.5,13.8
2009-02-20,5.2,6.1,15.6,0
2009-02-21,1.3,0.5,14.4,0
2009-02-22,0,1.9,8,0.6
2009-02-23,2.9,6.8,15,4.6
2009-02-24,18.6,2.8,2.5,0
2009-02-25,10.4,5.9,18.6,7.1
2009-02-26,2.7,5.8,2.5,3.6
2009-02-27,1.9,0.1,14.6,0
2009-02-28,3.5,3.4,34.4,0
2009-03-01,1.8,7.9,27,5.8
2009-03-02,1.1,0.8,10.8,2.5
2009-03-03,0,0.3,5.2,0
2009-03-04,26.2,0.8,6,0.2
2009-03-05,1.1,0,5.4,0
2009-03-06,,0,6.6,0
2009-03-07,2.9,0.3,29.1,0.3
2009-03-08,2.2,13.9,0,21.3
2009-03-09,0,,0,0
2009-03-10,1.3,13.8,8.4,0.2
2009-03-11,8.2,0,6.6,3.5
2009-03-12,1.3,0,5.1,1.8
2009-03-13,0,0,2.5,0
2009-03-14,2.3,3,21.7,0
2009-03-15,1.9,0.3,20.3,0
2009-03-16,1.3,0,0.4,0
2009-03-17,5.2,0,8.4,0
2009-03-18,23.2,2.1,32,0
2009-03-19,0,0,22,0
2009-03-20,0,0,41.6,0
2009-03-21,4.1,0.4,6.7,0
2009-03-22,11.1,1,3.2,3.8
2009-03-23,0,3.6,9.8,8.7
2009-03-24,0,5,1.4,12.3
2009-03-25,1.5,0,6.2,0
2009-03-26,0,2.7,1.7,0
2009-03-27,0,3.1,8.9,0
2009-03-28,0,0.9,28.1,1.8
2009-03-29,2.1,3.3,7.2,4
2009-03-30,1.2,0.5,2.2,0
2009-03-31,0,0,0,0
2009-04-01,0,0,20.8,0
2009-04-02,0,1.2,0,8.6
2009-04-03,0,0.5,0.7,2.4
2009-04-04,0,0,2.9,0
2009-04-05,0,0,1.5,0
2009-04-06,3.9,0,1.4,0
2009-04-07,5.5,0.3,8.2,0.3
2009-04-08,4.3,3,17.7,0
2009-04-09,18.8,2.4,18.8,2.3
2009-04-10,19.4,,5.7,0
2009-04-11,2.5,0.8,10.1,0
2009-04-12,11.8,0,17.5,0
2009-04-13,0,2.3,3.5,0.3
2009-04-14,5.6,0.4,17.7,0
2009-04-15,2.2,0,5.8,0
2009-04-16,2.8,0,9.8,0
2009-04-17,0,0,9.3,0
2009-04-18,0,0,4.1,0
2009-04-19,0,0,0,0
2009-04-20,0,0,21.7,0
2009-04-21,0,0,29.9,0.2
2009-04-22,0,0,1,0
2009-04-23,0,0,0.6,0
2009-04-24,0,0,0,0
2009-04-25,0,0,0,0
2009-04-26,0,0,0,0
2009-04-27,0,0,5.1,0
2009-04-28,0,0,3.1,0
2009-04-29,0,0,4.9,0
2009-04-30,0,0,13.1,0
2009-05-01,0,0,0.5,0
2009-05-02,0,0.2,1.7,0
2009-05-03,0,0,4.8,0
2009-05-04,0,0,0,0
2009-05-05,0,0,0,0
2009-05-06,0,0,1.8,0
2009-05-07,0,0,0,0
2009-05-08,0,0,0,0
2009-05-09,0,0,0,0
2009-05-10,0,0,0,0
2009-05-11,,0,3.5,0
2009-05-12,1,6,1,0
2009-05-13,0,0,0,0
2009-05-14,0,0,0,0
2009-05-15,0,0,0.7,0.2
2009-05-16,0,0,0,0
2009-05-17,0,0,0,0
2009-05-18,0,0,2.9,0
2009-05-19,0,0,2.8,0
2009-05-20,0,0,0,0
2009-05-21,0,0,1.1,0
2009-05-22,0,0,0,0
2009-05-23,5.9,0,0,0
2009-05-24,0,0,0,0
2009-05-25,0,0,0,0
2009-05-26,1.3,0.1,20.4,0
2009-05-27,0,0,0,0
2009-05-28,0,0,0,0
2009-05-29,0,0,4.1,0
2009-05-30,0,0,0,0
2009-05-31,0,0,0,0
2009-06-01,0,0,0,0
2009-06-02,0,0,1.4,0
2009-06-03,0,0,0.2,0
2009-06-04,0,0,0,0
2009-06-05,0,0,0,0
2009-06-06,0,0,0,0
2009-06-07,0,0,0,0
2009-06-08,0,0,0,0
2009-06-09,0,0,0,0
2009-06-10,0,0,0,0
2009-06-11,0,0,0,0
2009-06-12,0,0,8,0
2009-06-13,0,0,0.1,0
2009-06-14,0,0,0,0
2009-06-15,0,0,0,0
2009-06-16,0,0,0,0
2009-06-17,0,0,0,0
2009-06-18,0,0,0,0
2009-06-19,0,0,0,0
2009-06-20,0,0,1.3,0
2009-06-21,0,0,0.5,0
2009-06-22,0,,1.2,0
2009-06-23,0,0.1,0.5,0
2009-06-24,0,0,0,0
2009-06-25,0,0,0.9,0
2009-06-26,0,0,0,0
2009-06-27,0,0,0,0
2009-06-28,0,0,0,0
2009-06-29,0,0,0,0
2009-06-30,0,0,0,0
2009-07-01,0,0,0,0
2009-07-02,0,0,0,0
2009-07-03,0,0,0,0
2009-07-04,0,0,0,0
2009-07-05,0,0,1,0
2009-07-06,0,0.6,1.7,0
2009-07-07,0,0,0,0
2009-07-08,0,0,0.6,0
2009-07-09,0,0,0,0
2009-07-10,0,0,0,0
2009-07-11,,0,13.6,0.6
2009-07-12,0,,9.7,0
2009-07-13,0,0,2.1,0
2009-07-14,0,,0,0
2009-07-15,0,0,0.5,0
2009-07-16,0,0,0,0
2009-07-17,0,0,0,0
2009-07-18,0,0,0,0
2009-07-19,0,0,0,0
2009-07-20,5.6,0.5,9,1
2009-07-21,0,0,0,0
2009-07-22,0,0,0,0
2009-07-23,2.1,0.8,1.9,0.9
2009-07-24,,0.3,7.5,0
2009-07-25,1.2,0.5,3.5,0
2009-07-26,,,3.2,0.6
2009-07-27,0,0,0,0
2009-07-28,0,0,0,0
2009-07-29,0,0,0,0
2009-07-30,0,0,0,0
2009-07-31,0,0,0,0
2009-08-01,0,0,0,0
2009-08-02,0,0,0,0
2009-08-03,0,0.4,3,0
2009-08-04,0,0,0,0
2009-08-05,0,0,0,0
2009-08-06,0,0,6,0
2009-08-07,0,0,0,0
2009-08-08,0,0,0,0
2009-08-09,0,0.1,2,0
2009-08-10,0,0,0.5,0
2009-08-11,0,0,0,0
2009-08-12,0,1.1,0,0
2009-08-13,0,0,0,0.4
2009-08-14,0,0,0.6,0
2009-08-15,0,0,0,0
2009-08-16,0,0,0,0
2009-08-17,0,0,0,0
2009-08-18,0,0,0,0
2009-08-19,0,0,0,0
2009-08-20,0,0,4.4,0
2009-08-21,0,0,4.5,0
2009-08-22,0,0,0,0
2009-08-23,0,0,0,0
2009-08-24,0,0,0,0
2009-08-25,0,0,6.3,0
2009-08-26,0,,0,0
2009-08-27,0,0,0,0
2009-08-28,0,0,0.5,0
2009-08-29,0,0,0,0
2009-08-30,0,0,0,0
2009-08-31,0,0,0,0.4
2009-09-01,0,0,0,0
2009-09-02,1.1,2.2,8.3,0
2009-09-03,0,0,0,0
2009-09-04,0,0,0,0
2009-09-05,0,0,0,0
2009-09-06,0,0,0,0
2009-09-07,0,0,0,0
2009-09-08,0,0,0,0
2009-09-09,0,0,0.8,0.3
2009-09-10,0,0,0.3,0
2009-09-11,0,,0,2.6
2009-09-12,0,0,0,0
2009-09-13,0,0,0,0
2009-09-14,0,0,0,0
2009-09-15,0,0,0,0
2009-09-16,0,0,6.1,0
2009-09-17,0,0,0,0
2009-09-18,,0.5,0,0
2009-09-19,3.4,0,0.8,0
2009-09-20,,6.2,1.9,14.9
2009-09-21,0,,0.3,2.1
2009-09-22,0,0,0,0
2009-09-23,0,0,12.8,0
2009-09-24,0,0,1,0
2009-09-25,0,0,3,0.5
2009-09-26,0,0,1.2,0
2009-09-27,0,0,4.6,0
2009-09-28,,0,0,0
2009-09-29,,0,0.6,0
2009-09-30,0,0,0,0
2009-10-01,5.5,0,1.6,0.6
2009-10-02,0,0.1,0.4,1.7
2009-10-03,0,0,0,0
2009-10-04,0,0.1,0.3,0
2009-10-05,0,0,1.8,0
2009-10-06,2.2,0,0,0
2009-10-07,1.3,0,1.6,0
2009-10-08,0,0,0.6,0
2009-10-09,0,0.2,0,0
2009-10-10,0,0,0,0
2009-10-11,,0,0,0
2009-10-12,0,1.3,3,0
2009-10-13,4.9,0,0,0
2009-10-14,0,0,0,0.3
2009-10-15,0,0,0.3,0
2009-10-16,0,0,0.7,0
2009-10-17,0,,5.5,0
2009-10-18,0,0,0,0
2009-10-19,1.2,0.5,0,0
2009-10-20,,0.4,9.7,0.2
2009-10-21,0,0,8.5,0.2
2009-10-22,0,0.1,5.4,0
2009-10-23,0,0,2,0
2009-10-24,0,0,12.3,3
2009-10-25,0,0,10.5,0
2009-10-26,5.5,0,1.1,1.4
2009-10-27,0,1.9,0.4,0
2009-10-28,0,0,1.2,0.8
2009-10-29,0,0,16.4,0
2009-10-30,0,0,0,0
2009-10-31,0,0,0.2,0
2009-11-01,0,3.8,14.3,0
2009-11-02,14.5,0.3,0,0
2009-11-03,0,5.6,9.6,0.5
2009-11-04,1.7,1.1,6.3,0
2009-11-05,,0,1.2,0
2009-11-06,0,0,0,0
2009-11-07,0,0,0,0
2009-11-08,0,0,0,0
2009-11-09,0,0,0,0
2009-11-10,0,0,8.9,0
2009-11-11,,0,8.7,0
2009-11-12,12.4,13.2,21.5,3.3
2009-11-13,9.9,1,0.5,5.4
2009-11-14,15.9,8.2,9.1,20.2
2009-11-15,5.9,11.6,26.7,6
2009-11-16,8.6,6.4,3.9,2.6
2009-11-17,8.1,14.8,0,38.3
2009-11-18,22.3,9.1,1,0
2009-11-19,8.5,,4.7,2.8
2009-11-20,0,0,35.5,1.7
2009-11-21,5.3,4,8.8,1.6
2009-11-22,3.5,25.6,22.3,10.6
2009-11-23,1.3,4.9,7.5,6.4
2009-11-24,7.5,3.7,14.1,3.7
2009-11-25,,0.4,4.3,1.5
2009-11-26,23.2,4.4,11.2,0.6
2009-11-27,19.3,9.7,3.1,4.1
2009-11-28,9.6,0.5,28,6
2009-11-29,13.4,0.1,1.6,2.3
2009-11-30,8.7,0,6,0.5
2009-12-01,14.3,,8.9,4
2009-12-02,,2.2,4.3,0.5
2009-12-03,6.9,2.2,17.7,1.7
2009-12-04,4.3,0,3.4,0
2009-12-05,,0,3.4,0
2009-12-06,0,0.5,0.4,0.8
2009-12-07,8.1,0,2.3,0
2009-12-08,3.8,3.9,9.3,0.2
2009-12-09,18.4,,5.7,2.5
2009-12-10,0,5.1,2.2,15.1
2009-12-11,0,0,0.8,0
2009-12-12,2.2,1,3.4,0
2009-12-13,,8.1,1.5,14.1
2009-12-14,24.2,0,0.4,0
2009-12-15,0,0,7.3,0
2009-12-16,0,0,0.6,0
2009-12-17,6.5,5.1,8.9,1.2
2009-12-18,,4.6,27.3,1
2009-12-19,2.4,5.6,2.4,0.5
2009-12-20,14.1,8.2,12.9,8.3
2009-12-21,0,,9.9,0.2
2009-12-22,14.4,5.4,4.2,5.9
2009-12-23,1.2,1.3,6.5,0.2
2009-12-24,4.4,1.7,14,17
2009-12-25,1.8,7.9,57.5,21
2009-12-26,12.8,2.6,6.3,7
2009-12-27,3.7,0,8.6,0.3
2009-12-28,0,2.5,16.9,2.8
2009-12-29,0,0.8,9,0.5
2009-12-30,1.2,1.9,3.4,6.3
2009-12-31,3,6.3,17.1,4.2
2010-01-01,0,,2.6,
2010-01-02,6,12.2,9.2,
2010-01-03,,2.7,32.4,
2010-01-04,0,10.6,30,
2010-01-05,0,0.3,34.6,
2010-01-06,10.2,2,8.3,
2010-01-07,3.2,0,8.8,
2010-01-08,9.1,5.5,8.5,
2010-01-09,5.4,2.4,10.9,
2010-01-10,21.3,13.6,17.8,
2010-01-11,11.2,3.5,35,
2010-01-12,0,0.2,4.2,
2010-01-13,8.8,14,2.5,
2010-01-14,5.9,4.2,2,
2010-01-15,17.6,1,15.3,
2010-01-16,,8.8,0.8,
2010-01-17,,0.3,12.6,
2010-01-18,6.9,0.5,24.9,
2010-01-19,0,0.1,18.3,
2010-01-20,3.4,9.6,9.1,
2010-01-21,14.3,17.6,6.6,
2010-01-22,52.2,17.5,4.1,
2010-01-23,7.6,9.5,19.7,
2010-01-24,36.5,8,20.2,
2010-01-25,7.5,19.8,22,
2010-01-26,0,6.8,22.5,
2010-01-27,19.2,7.9,4.4,
2010-01-28,7.6,1.3,1,
2010-01-29,17.8,6.1,0,
2010-01-30,6.3,1.7,6.8,
2010-01-31,0,0.5,12.9,
2010-02-01,0,,17.1,0.8
2010-02-02,0,0.1,7.4,0
2010-02-03,0,0.3,4.6,0
2010-02-04,8.6,10.2,29.8,6.2
2010-02-05,0,14.9,17.9,12
2010-02-06,2.8,2.6,3.2,3.5
2010-02-07,0,,3.3,0
2010-02-08,0,6.9,9.3,1.5
2010-02-09,,6.5,4.2,5.7
2010-02-10,3.5,,1.9,1.1
2010-02-11,0,0.2,2,0
2010-02-12,0,0.9,4.6,1.7
2010-02-13,0,0.1,2.6,0
2010-02-14,1.9,6,3.5,2
2010-02-15,8.9,,7.8,0
2010-02-16,11.1,0,17.9,1.1
2010-02-17,,0.1,5.5,2.2
2010-02-18,0,0,2.2,1.1
2010-02-19,2.5,15.2,21.4,17.9
2010-02-20,16.2,19.5,12.6,20.9
2010-02-21,9.3,10.4,40.5,5.2
2010-02-22,,5.8,3.8,0.6
2010-02-23,2.2,7.5,15.4,8.8
2010-02-24,0,1.2,8.9,2.3
2010-02-25,1.9,0.5,24.4,0.6
2010-02-26,11.2,3.5,32.6,5.5
2010-02-27,12.5,14.5,17.2,18
2010-02-28,2.3,2.8,6.5,26.4
2010-03-01,8.1,3.7,15,20
2010-03-02,,2.7,40.5,14.7
2010-03-03,2.8,21,43,8.7
2010-03-04,4.7,4.6,21.3,12
2010-03-05,1.2,1.2,20.8,0.4
2010-03-06,5.2,1.3,7.6,9.2
2010-03-07,0,1.7,13.7,2.2
2010-03-08,0,3,36.2,7.9
2010-03-09,0,0,7.9,0
2010-03-10,0,0.1,1.3,0
2010-03-11,,0.2,1.4,0
2010-03-12,7.3,1.5,18,6.4
2010-03-13,,0.6,14.9,11.7
2010-03-14,0,,1,3.7
2010-03-15,2.5,1.8,17.6,2.4
2010-03-16,7.7,4.3,10.1,3
2010-03-17,0,1.2,3.4,1.1
2010-03-18,0,0.4,18.6,2
2010-03-19,1.8,,9.8,0
2010-03-20,0,0,0.3,0
2010-03-21,1.9,10.3,4.5,0
2010-03-22,1,0.3,0,0.6
2010-03-23,0,,3,0
2010-03-24,18.6,26.1,24.1,20.6
2010-03-25,1.1,2.2,2.4,2.2
2010-03-26,23.3,0,7.1,0
2010-03-27,15.9,2.5,5.6,0
2010-03-28,3.3,8.1,45,12.4
2010-03-29,0,,34,4.4
2010-03-30,0,0.8,33.2,1.6
2010-03-31,5.6,1.7,41.2,8.6
2010-04-01,6.3,3.6,8.7,0.2
2010-04-02,0,0,1.8,0
2010-04-03,0,0,3.8,0
2010-04-04,0,0,8.7,0
2010-04-05,0,0.1,14.6,0
2010-04-06,,3.2,10.7,0
2010-04-07,6.9,0.1,7.2,0
2010-04-08,5.8,0,7,0
2010-04-09,0,2.4,1.5,2.5
2010-04-10,0,0,0,0
2010-04-11,0,,0,0
2010-04-12,0,0,0,0.6
2010-04-13,0,0,3.9,0
2010-04-14,0,0,2.5,0.6
2010-04-15,0,0,2.6,0
2010-04-16,,0.4,14.3,0
2010-04-17,0,0,4,0
2010-04-18,0,0,1.2,0
2010-04-19,0,0,0.2,0.6
2010-04-20,0,0,1,0
2010-04-21,0,0,16.1,0
2010-04-22,0,0,0,0
2010-04-23,0,0,33.5,0
2010-04-24,0,0,8,0
2010-04-25,0,0,0.3,0
2010-04-26,0,0,23,1.1
2010-04-27,0,0.6,1.3,0
2010-04-28,0,0,8,0
2010-04-29,0,0,2,0
2010-04-30,0,2.8,24.5,0.4
2010-05-01,8.5,,1,0
2010-05-02,0,0,1.7,0
2010-05-03,0,0,0.5,0
2010-05-04,0,0,0,0
2010-05-05,0,0,0,0
2010-05-06,0,0,0,0
2010-05-07,0,0,0,0
2010-05-08,0,0,0,0
2010-05-09,0,0,2,0
2010-05-10,0,0,4.1,0
2010-05-11,0,0,6.3,0
2010-05-12,0,0,0.8,0
2010-05-13,0,0,0,0
2010-05-14,0,0,0,0
2010-05-15,0,0,0,0
2010-05-16,0,0,0,0
2010-05-17,0,0,0,0
2010-05-18,0,0,0.5,0
2010-05-19,0,0,0,0
2010-05-20,0,0,3.5,0.2
2010-05-21,0,0,0.1,5
2010-05-22,0,0,0,0
2010-05-23,0,0,0,0
2010-05-24,0,,0.7,0
2010-05-25,,0.1,4.8,0
2010-05-26,1.4,0.8,4,0.5
2010-05-27,0,0.5,12.6,0
2010-05-28,0,0.8,0,0.8
2010-05-29,0,0,0.2,0
2010-05-30,0,0,0,0
2010-05-31,0,0,1.4,0
2010-06-01,0,0,0,0
2010-06-02,0,0,0,0
2010-06-03,0,0,0,0
2010-06-04,0,0,0,0
2010-06-05,0,0,4.8,0
2010-06-06,0,0,0.8,0
2010-06-07,0,0,0,0
2010-06-08,0,0,0.9,0
2010-06-09,0,0,0.3,0
2010-06-10,0,0,1,0
2010-06-11,0,0,0,0
2010-06-12,0,0,0,0
2010-06-13,0,0,0,0
2010-06-14,0,0,0,0
2010-06-15,0,0,0,0
2010-06-16,0,0,0,0
2010-06-17,0,0,0,0
2010-06-18,0,0,0,0
2010-06-19,0,0,0,0
2010-06-20,0,0,0,0
2010-06-21,0,0,0,0
2010-06-22,0,0,0,0
2010-06-23,0,0,0,0
2010-06-24,0,0,0,0
2010-06-25,0,0,0,0
2010-06-26,0,0,0.3,0
2010-06-27,,0,3.2,1.1
2010-06-28,0,,25.5,0
2010-06-29,,0,0.5,0
2010-06-30,0,0,0,0
2010-07-01,0,0,0,0
2010-07-02,0,0,0,0
2010-07-03,0,0,0,0
2010-07-04,0,0,0,0
2010-07-05,0,0,0,0
2010-07-06,0,0,1.5,0
2010-07-07,0,0,0,0
2010-07-08,0,0,3.8,0
2010-07-09,0,0,0.2,0
2010-07-10,0,0,1.7,0
2010-07-11,0,0,0,0
2010-07-12,0,0,0,0
2010-07-13,0,0,0,0
2010-07-14,0,0,0,0
2010-07-15,0,,2,0
2010-07-16,0,2.4,8,1.4
2010-07-17,0,0.1,1.9,0
2010-07-18,0,0,0,0
2010-07-19,0,0,0,0
2010-07-20,0,0,0,0
2010-07-21,0,0,0,0
2010-07-22,0,0,0,0
2010-07-23,0,0,0,0
2010-07-24,0,0,0,0
2010-07-25,0,0,0,0
2010-07-26,0,0,0,0
2010-07-27,0,0,0,0
2010-07-28,0,0,0,0
2010-07-29,0,0,0,0
2010-07-30,0,0,0,0
2010-07-31,0,0,0,0
2010-08-01,0,0,2.5,0
2010-08-02,0,0,0,0
2010-08-03,0,0,0.4,0
2010-08-04,0,0,1.5,0
2010-08-05,0,0,0,0
2010-08-06,0,0,0,0
2010-08-07,0,0,0,0
2010-08-08,0,0,0,0
2010-08-09,0,0,0,0
2010-08-10,0,0,0,0
2010-08-11,0,0,0,0
2010-08-12,0,0,0,0
2010-08-13,0,0,4.9,0
2010-08-14,0,0,0,0
2010-08-15,0,0,0.4,0
2010-08-16,0,0,0,0
2010-08-17,0,0,0,0
2010-08-18,0,0,0,0
2010-08-19,0,0,0,0
2010-08-20,0,0,0,0
2010-08-21,0,0,0,0
2010-08-22,0,0,0,0
2010-08-23,0,0,0,0
2010-08-24,0,0,0,0
2010-08-25,0,0,1,0
2010-08-26,0,0,0,0
2010-08-27,0,0.2,0,0
2010-08-28,,0,0.5,3
2010-08-29,6.1,5.7,3.7,5.2
2010-08-30,0,,20.2,0.5
2010-08-31,5.2,2.3,11.4,2.7
2010-09-01,,0.6,15.7,0
2010-09-02,0,0.3,1.6,1
2010-09-03,0,0,1.2,0
2010-09-04,0,0,0,0
2010-09-05,0,1.5,3.9,0
2010-09-06,0,0,0,0
2010-09-07,,0.2,7.6,0
2010-09-08,0,0,0,0
2010-09-09,0,0,0,0
2010-09-10,0,0,0,0
2010-09-11,0,0,0,0
2010-09-12,0,0,1.7,0
2010-09-13,0,0,0,0
2010-09-14,0,0,0.2,0
2010-09-15,0,0,0,0
2010-09-16,0,0,0,0
2010-09-17,0,0,0,0
2010-09-18,0,0,0,0
2010-09-19,0,0,0,0
2010-09-20,0,0,0.4,0
2010-09-21,0,0,0,0
2010-09-22,0,0,4.3,0
2010-09-23,5,0,0.5,0
2010-09-24,,,2.5,0
2010-09-25,0,0.6,1.8,0.6
2010-09-26,0,1.8,0.9,0.2
2010-09-27,0,0,0,0
2010-09-28,0,0,0,0
2010-09-29,0,0,0.3,0
2010-09-30,0,,0.2,0
2010-10-01,0,0,5.4,7.8
2010-10-02,0,10.1,12.5,6.4
2010-10-03,0,,0.1,0
2010-10-04,0,0,0,0
2010-10-05,0,0,0,4.6
2010-10-06,0,0,0,0
2010-10-07,0,0,1.7,0
2010-10-08,,0,6.3,0
2010-10-09,,4.1,8.2,3
2010-10-10,5.4,0.7,17.2,0
2010-10-11,0,0,5.5,0
2010-10-12,0,0,0.6,0
2010-10-13,8.8,0,0,0
2010-10-14,0,1.2,0,2.3
2010-10-15,5.2,6.3,25.8,6.2
2010-10-16,5.5,1.1,2.8,0
2010-10-17,,7,2.5,1.5
2010-10-18,0,0.1,14.3,0
2010-10-19,0,0,24.4,0
2010-10-20,0,0.1,3.9,2.5
2010-10-21,11.3,1.4,28,14.4
2010-10-22,0,0,10.3,0
2010-10-23,0,0,6,0
2010-10-24,0,0,0,0
2010-10-25,0,0.2,1.8,0.9
2010-10-26,7.4,1.9,6.2,5.1
2010-10-27,0,0,0.8,0
2010-10-28,,0.8,25,0
2010-10-29,,0,1.6,3.9
2010-10-30,3.2,7,6.6,5.2
2010-10-31,0,4.6,11.7,8.9
2010-11-01,3.2,3.6,8.7,0.3
2010-11-02,0,0,1.6,7
2010-11-03,0,0,0,0
2010-11-04,0,0,0.2,0
2010-11-05,0,0,0,0
2010-11-06,0,1.1,4.5,0
2010-11-07,0,0,0.3,0
2010-11-08,0,0,0,0
2010-11-09,0,,0,0
2010-11-10,6,3.2,22.1,2.3
2010-11-11,0,0.3,3.5,0
2010-11-12,5.5,2.4,9.3,10.8
2010-11-13,1.2,0,0.2,0
2010-11-14,5,0.2,1.2,0.5
2010-11-15,2.9,4.9,3.8,0.3
2010-11-16,0,0,6.3,0
2010-11-17,0,0,0.6,0
2010-11-18,0,0,6.1,0
2010-11-19,0,0,0.4,0
2010-11-20,0,,0,0
2010-11-21,0,2.8,4.9,0.6
2010-11-22,6,2.9,4.2,1.2
2010-11-23,0,0,0,0
2010-11-24,0,0,4.5,0
2010-11-25,5.2,0.4,23.6,1.8
2010-11-26,6.2,0.5,4.3,0
2010-11-27,0,1.6,0.5,1
2010-11-28,,,6.2,0
2010-11-29,0,0,1.1,0.5
2010-11-30,,,0,0
2010-12-01,0,0.1,2.7,0
2010-12-02,0,0,0,0
2010-12-03,3,5.3,14.5,1.3
2010-12-04,7,20,31.6,7
2010-12-05,0,0.4,1,0.3
2010-12-06,,5.4,2,0.4
2010-12-07,0,1,8.6,0
2010-12-08,,0.1,17.7,0
2010-12-09,8.9,8.9,9,28.7
2010-12-10,8.4,,4,1
2010-12-11,3.6,0.3,3.5,0.3
2010-12-12,8.6,1.4,9.6,21.2
2010-12-13,5.2,7.8,6.7,3.6
2010-12-14,0,0,0,0
2010-12-15,0,0,2.1,0
2010-12-16,0,0,1,0
2010-12-17,0,0.5,0.8,2
2010-12-18,0,4.3,5,1.5
2010-12-19,9.4,0.7,4.3,4.7
2010-12-20,7.9,24.7,47.1,20.8
2010-12-21,7.5,3,3.2,3.5
2010-12-22,16,1.7,18.7,1.4
2010-12-23,14.8,5,19.2,4.9
2010-12-24,4.8,0.2,32.1,2.6
2010-12-25,11.3,0,24.4,39.2
2010-12-26,3.6,12.8,10.3,28.4
2010-12-27,39,0.2,2.1,9.2
2010-12-28,,2.7,17,12.7
2010-12-29,24.5,2.6,13.9,1.4
2010-12-30,0,1.6,6.9,4.1
2010-12-31,7.9,3.9,9.2,4
2011-01-01,0,,1.6,0
2011-01-02,,0,8.7,0
2011-01-03,0,3.6,2.3,1.6
2011-01-04,0,0.2,2.5,4.1
2011-01-05,0,0,10.3,0
2011-01-06,4.4,1,1.1,0.8
2011-01-07,,4.2,8.5,1.2
2011-01-08,2,0.4,18.8,0
2011-01-09,3.9,0.5,7.6,0
2011-01-10,15.1,21,29.6,24.3
2011-01-11,2.1,1.3,2,1.7
2011-01-12,19.6,4.1,24.2,19
2011-01-13,1.3,4.9,17.1,5.1
2011-01-14,1.5,11.5,6.8,12.4
2011-01-15,2,1.3,1.5,0.7
2011-01-16,,,0,0
2011-01-17,1,0,9.2,0
2011-01-18,0,0.2,23.4,0
2011-01-19,1.4,7.5,6.9,4.5
2011-01-20,12.4,0,21.7,0
2011-01-21,5.7,4,21.1,0
2011-01-22,,1.7,41,0
2011-01-23,19.3,3,33.6,0.5
2011-01-24,13.6,9.9,17.5,8.6
2011-01-25,10.2,7.3,32.9,1.3
2011-01-26,0,4.9,26,8.4
2011-01-27,6.6,2.1,6.2,3.2
2011-01-28,11.4,1.9,22.4,0
2011-01-29,15.5,1.2,23.8,3
2011-01-30,1.3,1.9,18,0
2011-01-31,3.2,0.8,6,0.3
2011-02-01,4.6,1.2,15,0
2011-02-02,3.3,0.1,10.3,10.2
2011-02-03,14,0.4,1.8,6.7
2011-02-04,,0.4,2.7,0
2011-02-05,2.2,5,24,1.8
2011-02-06,,1.3,12.2,0.5
2011-02-07,3.4,7.2,13.5,10.2
2011-02-08,6.8,0.4,2.4,1.4
2011-02-09,,7.5,13.5,16.5
2011-02-10,12.8,2.1,11.1,8.8
2011-02-11,1.9,9.5,7.9,10
2011-02-12,6.5,21.1,5.5,2.5
2011-02-13,11.4,7.4,21,10
2011-02-14,0,,14,0
2011-02-15,2.2,1.5,4,0.5
2011-02-16,3.8,3.9,5.5,1.4
2011-02-17,8.7,1.9,43.2,1.5
2011-02-18,1.4,2.2,25,3.6
2011-02-19,15.1,9.5,6.7,1.2
2011-02-20,7.9,12.6,39.8,11.6
2011-02-21,4,9.1,11.8,4.6
2011-02-22,10,9.3,31.5,1.4
2011-02-23,14.3,3.7,19,17.1
2011-02-24,4.9,0.3,6.4,2.2
2011-02-25,1.3,0.2,0,0
2011-02-26,18.8,16.7,4.1,33.6
2011-02-27,4.1,6.2,3.2,0.6
2011-02-28,0,9.2,9.9,12.7
2011-03-01,2.2,1.8,2.2,2
2011-03-02,0,0.6,8.7,2.1
2011-03-03,12.6,3.1,22.3,2
2011-03-04,16.8,0.4,8.2,0
2011-03-05,,18.9,33.5,2.6
2011-03-06,4.4,5.7,3.2,3
2011-03-07,2.6,,5.9,1.4
2011-03-08,0,0.1,6.7,0
2011-03-09,10.8,18,15,24.8
2011-03-10,11.4,3,2.8,5.8
2011-03-11,16.4,0.7,4.4,0.3
2011-03-12,4.4,2.3,27.3,0.7
2011-03-13,0,,22,0.2
2011-03-14,1.8,1.3,17.3,0.6
2011-03-15,0,3.4,5.7,0.7
2011-03-16,5.6,0.7,16.9,0.4
2011-03-17,9.6,0,17.1,0.3
2011-03-18,12.6,0,0.8,1.3
2011-03-19,13.4,0,23.8,0
2011-03-20,,0.1,25.7,0
2011-03-21,23.6,3.8,19.2,1.6
2011-03-22,4.2,2.5,11.6,0.7
2011-03-23,0,,9.1,1.2
2011-03-24,4.8,0,24.8,0
2011-03-25,8.2,3.4,6.9,2.2
2011-03-26,6.6,2.1,17.4,5.1
2011-03-27,8.1,1,3.7,17.4
2011-03-28,3.2,1.9,29,9.3
2011-03-29,22.4,4.5,10,20
2011-03-30,,,23.1,0.4
2011-03-31,1.6,2.1,9.9,3.1
2011-04-01,8.5,1.9,13.1,7.8
2011-04-02,13.2,11.6,10.7,6.4
2011-04-03,5.6,8.6,0,0.8
2011-04-04,0,0.1,4.3,0
2011-04-05,3.8,9.6,42.3,6.4
2011-04-06,0,0.8,3.6,1
2011-04-07,5.3,2.1,13.4,0.6
2011-04-08,1.6,0.3,22,1.3
2011-04-09,0,,2.7,0.3
2011-04-10,0,0,1.5,0
2011-04-11,4.8,0,10.6,1.3
2011-04-12,0,0,0.6,0
2011-04-13,0,0,0.2,0
2011-04-14,,,11.4,0.3
2011-04-15,5.5,0.1,3.6,0
2011-04-16,2.9,2.5,12.2,1.2
2011-04-17,0,4.8,16.8,1.8
2011-04-18,7.4,,4.5,0
2011-04-19,0,0,6.3,0
2011-04-20,0,0,0.4,0.6
2011-04-21,0,0,21.2,0
2011-04-22,0,0,0.9,0.5
2011-04-23,0,0,3.4,0
2011-04-24,0,0,13.4,0
2011-04-25,0,0,15.4,0
2011-04-26,0,0,15.8,0
2011-04-27,0,0,0.6,0
2011-04-28,3.6,0,0,2.1
2011-04-29,0,0,1.5,0
2011-04-30,0,2.3,0,0.5
2011-05-01,0,,22.5,0
2011-05-02,0,0,0.6,0
2011-05-03,0,0,1,0
2011-05-04,0,0,0,0
2011-05-05,0,0,0,0
2011-05-06,0,0,0,0
2011-05-07,0,0,0,0
2011-05-08,,0,2,0
2011-05-09,3.2,6,3.6,0
2011-05-10,,0.2,0.3,0
2011-05-11,0,0,0,5.3
2011-05-12,0,0,1.4,0
2011-05-13,0,0,0,0
2011-05-14,0,,0,0
2011-05-15,0,0,8.6,0
2011-05-16,0,0,0.5,0
2011-05-17,0,0,0,0
2011-05-18,0,0,0,0
2011-05-19,0,0,0,0
2011-05-20,0,0,0,0
2011-05-21,0,0,0.4,0
2011-05-22,0,5.9,6.5,1.5
2011-05-23,0,0.5,0,0
2011-05-24,0,0,0,0
2011-05-25,0,0,0,0
2011-05-26,0,0,0,0
2011-05-27,0,0,7.5,0
2011-05-28,0,0,0.9,0
2011-05-29,0,0,0,0
2011-05-30,0,0,0,0
2011-05-31,0,0,0,0
2011-06-01,0,0,0,0
2011-06-02,0,0,0,0
2011-06-03,0,0,0,0
2011-06-04,0,0,0,0
2011-06-05,0,0,0,0
2011-06-06,0,0,0.1,0
2011-06-07,0,0,0,0
2011-06-08,0,0,0,0
2011-06-09,0,0,0,0
2011-06-10,0,0,0,0
2011-06-11,0,0,0,0
2011-06-12,0,0,0,0
2011-06-13,0,0,0,0
2011-06-14,0,0,0,0
2011-06-15,0,0,0,0
2011-06-16,0,0,0,0
2011-06-17,0,0,0.4,0
2011-06-18,0,0,0,0
2011-06-19,0,0,10.8,0
2011-06-20,0,0,0,0
2011-06-21,0,0,0.2,0
2011-06-22,0,0,0,0
2011-06-23,0,0,0,0
2011-06-24,0,0,1.5,0
2011-06-25,0,0,0,0
2011-06-26,0,0,0,0
2011-06-27,0,0,1.7,0
2011-06-28,,0,0.2,0
2011-06-29,0,2.6,13.6,1
2011-06-30,3.5,15.3,39.8,6
2011-07-01,3.4,13,17.4,4.9
2011-07-02,2.8,2.5,11.5,2
2011-07-03,1.1,0.2,2.8,1
2011-07-04,0,,0.3,0
2011-07-05,0,0,0,0
2011-07-06,0,0,0,0
2011-07-07,0,0,0,0
2011-07-08,0,0,0,0
2011-07-09,0,0,0,0
2011-07-10,0,0,1,0
2011-07-11,0,0,0,0
2011-07-12,0,0,0.5,0
2011-07-13,0,0,0,0
2011-07-14,0,0,0,0
2011-07-15,0,0,0,0
2011-07-16,0,0,0,0
2011-07-17,0,0,16.3,0
2011-07-18,0,0,10,0
2011-07-19,1,0,22.6,0.7
2011-07-20,0,0,0.2,0
2011-07-21,0,0,0.1,0
2011-07-22,0,0,0.8,0
2011-07-23,0,0,0,0
2011-07-24,0,0,0,0
2011-07-25,0,0,0,0
2011-07-26,0,0,0,0
2011-07-27,0,0,0,0
2011-07-28,0,0,0,0
2011-07-29,0,0,0,0
2011-07-30,0,0,0,0
2011-07-31,0,0,0,0
2011-08-01,0,0,0,0
2011-08-02,0,0,0,0
2011-08-03,0,0.8,23.2,0
2011-08-04,,2.5,3.1,0.4
2011-08-05,0,0,0,0
2011-08-06,0,0,0,0
2011-08-07,0,0,0,0
2011-08-08,0,0,0,0
2011-08-09,0,0,1,0
2011-08-10,0,0,0.7,0
2011-08-11,0,0,0,0
2011-08-12,0,0,0,0
2011-08-13,0,0,0,0
2011-08-14,0,0,0.8,0
2011-08-15,0,0,1.6,0
2011-08-16,0,0,0.6,0
2011-08-17,0,0,0,0
2011-08-18,0,0,0,0
2011-08-19,0,0,0,0
2011-08-20,0,0,0,0.2
2011-08-21,0,0,0,0
2011-08-22,0,0,0,0
2011-08-23,0,0,0,0
2011-08-24,0,0,0,0
2011-08-25,0,0,0,0
2011-08-26,0,0,0,0
2011-08-27,0,0,0,0
2011-08-28,0,0,0.2,0
2011-08-29,0,0,0,0
2011-08-30,0,1.5,1.4,0
2011-08-31,0,,4.3,0
2011-09-01,0,0,0,0
2011-09-02,0,0,0,0
2011-09-03,0,0,0,0
2011-09-04,0,0,0,0
2011-09-05,0,0,0,0
2011-09-06,0,0,0,0
2011-09-07,0,0,0,0
2011-09-08,0,0,0,0
2011-09-09,0,0,0,0
2011-09-10,0,0,2.8,0
2011-09-11,,0,0,0
2011-09-12,19.9,0,4.2,0
2011-09-13,0,2.5,5,0
2011-09-14,,0,14.5,0.4
2011-09-15,5.5,0,0,0
2011-09-16,1.4,0,4.3,0
2011-09-17,0,3.3,2.8,0
2011-09-18,,0,9.1,0
2011-09-19,9.8,0.7,13.4,0.2
2011-09-20,,1.1,3.3,1.5
2011-09-21,6,2.7,3.8,6.7
2011-09-22,,0.1,5.8,0.6
2011-09-23,0,1,0,0
2011-09-24,0,0,4.3,0
2011-09-25,0,0.3,14.7,2.2
2011-09-26,5.8,4.8,4.9,4.6
2011-09-27,3.5,11.1,12,4.4
2011-09-28,0,0.5,0.5,0
2011-09-29,8,0,0,0
2011-09-30,0,0.1,0.8,7.3
2011-10-01,0,0,0.4,0
2011-10-02,0,0,0.7,0
2011-10-03,0,0,5.6,0
2011-10-04,0,0,0.3,0
2011-10-05,0,0,1.4,0
2011-10-06,2.5,0.7,28.4,4.4
2011-10-07,11,2.8,16.3,5
2011-10-08,6.2,0.7,3,0.2
2011-10-09,1.4,0.1,5.5,0
2011-10-10,,0.3,2.4,2
2011-10-11,0,0,5.2,0
2011-10-12,0,0,0,0
2011-10-13,0,0,2.2,0
2011-10-14,0,0,0.3,0
2011-10-15,0,0,0.7,0
2011-10-16,0,0,0.2,2.8
2011-10-17,0,0,0,0
2011-10-18,0,0,3.1,0
2011-10-19,0,0,37.1,0
2011-10-20,0,0,4.5,0
2011-10-21,0,0,0.4,0
2011-10-22,0,0.8,3,0
2011-10-23,0,0.1,0,0
2011-10-24,0,0,0,0
2011-10-25,0,0,1.1,0
2011-10-26,0,0,2.1,0
2011-10-27,0,0,0,0
2011-10-28,0,,17.9,0
2011-10-29,3.3,16.3,6.7,7.4
2011-10-30,10.2,8.4,20.9,2.4
2011-10-31,0,8.7,0.6,2
2011-11-01,0,0,0.8,0
2011-11-02,0,0,18.6,0
2011-11-03,4,7.6,19.5,19.3
2011-11-04,0,0,0,0
2011-11-05,0,,0,1.2
2011-11-06,0,0,0,0
2011-11-07,0,0,1,0
2011-11-08,0,0,0,0
2011-11-09,0,0,0,0
2011-11-10,5.2,0,33.6,0
2011-11-11,,1.5,8.7,2.5
2011-11-12,0,0,0,0
2011-11-13,0,0,1.8,0
2011-11-14,0,0,1,0
2011-11-15,0,0,0.3,0
2011-11-16,3.8,0,3,0
2011-11-17,0,0,20,0
2011-11-18,,1.6,19.6,0.6
2011-11-19,2.2,3.3,48,0
2011-11-20,1.2,0.1,1.3,10.2
2011-11-21,8,1.3,46.8,7.5
2011-11-22,23.8,7.3,10.6,5.5
2011-11-23,0,0.1,0.7,0
2011-11-24,0,4.5,0.4,0.2
2011-11-25,0,0,1.3,0
2011-11-26,0,0,1,0
2011-11-27,0,0.8,3.2,0
2011-11-28,0,0,7.4,0
2011-11-29,0,3.8,14.6,1
2011-11-30,0,0,0,0
2011-12-01,2.8,4.1,1.5,0.7
2011-12-02,0,4.1,14,0
2011-12-03,0,0,0,0
2011-12-04,0,4.3,0,17.2
2011-12-05,3.6,0,13.5,0
2011-12-06,0,0.2,0.8,0
2011-12-07,0,0,9.4,0
2011-12-08,0,,35.1,0
2011-12-09,17,7.5,28.6,5.7
2011-12-10,2.3,2.3,1.4,10.8
2011-12-11,,1.2,1,1.9
2011-12-12,0,6.5,8.3,11
2011-12-13,17.4,11.2,14.1,9.7
2011-12-14,5.4,2.3,36.8,3.3
2011-12-15,44.6,3.7,1.8,0.3
2011-12-16,,1.2,6.1,0.5
2011-12-17,4.5,5.9,14.1,13.5
2011-12-18,6.4,8.7,8.1,7.4
2011-12-19,2,0.5,16.5,0.5
2011-12-20,0,0.3,9.9,0
2011-12-21,6.5,0.5,50.2,9.1
2011-12-22,1.2,5.7,33,4.3
2011-12-23,1.2,12.2,1.2,6.6
2011-12-24,4.6,6.4,9.9,15.2
2011-12-25,12.8,15.7,2,7.8
2011-12-26,18,1,13.2,0
2011-12-27,2,1.2,5.4,0
2011-12-28,1.6,5.1,6.8,1.8
2011-12-29,3,0.5,5.4,0
2011-12-30,7.6,0.2,4.4,0.4
2011-12-31,9.5,0,0.2,11.8
2012-01-01,22,4.8,1.4,0.6
2012-01-02,11.5,5.5,14.4,15
2012-01-03,1,0.6,15.4,0
2012-01-04,3.7,0.7,10,0.2
2012-01-05,0,,50.6,0
2012-01-06,14.7,6.6,29.4,0
2012-01-07,1.4,4.6,24.1,5.2
2012-01-08,4.6,1.5,4.3,0.2
2012-01-09,,1.7,3.5,0
2012-01-10,11.7,0,0.7,5.2
2012-01-11,0,0,1,0
2012-01-12,1.7,0,0.6,0.6
2012-01-13,4.5,10,2.3,8.6
2012-01-14,3.5,2.2,3,3.2
2012-01-15,0,0.6,0.2,0
2012-01-16,1.1,1.3,0.5,1.5
2012-01-17,,0,1.4,0
2012-01-18,12.2,3.5,6.5,0.6
2012-01-19,7.6,1.8,14.8,0.5
2012-01-20,21,1.2,33,0.7
2012-01-21,9,3,1.5,4
2012-01-22,0,,6.5,3.5
2012-01-23,0,2.5,10.6,0
2012-01-24,0,5.1,13.5,10.4
2012-01-25,3.5,2.7,14.5,2.6
2012-01-26,11.8,0,9.3,0
2012-01-27,3.7,0.6,16.2,0
2012-01-28,7.8,5.6,23.4,4.4
2012-01-29,3.8,2.4,13.4,0
2012-01-30,10.5,0.5,3.3,0
2012-01-31,0,0,3.1,0
2012-02-01,1.3,0,3.1,0
2012-02-02,0,0.6,23.4,0
2012-02-03,4.7,2.7,29.5,4.9
2012-02-04,6.1,3,7.9,2
2012-02-05,0,2.7,25.3,1.2
2012-02-06,2.4,9,28.7,0.2
2012-02-07,5.7,3.4,19.6,8.3
2012-02-08,3.3,0.8,2.8,0
2012-02-09,0,0.2,6.4,0
2012-02-10,26,5,20.4,20.8
2012-02-11,6.2,2.3,8.5,0.2
2012-02-12,7.6,2.8,24.6,12.7
2012-02-13,19.5,20.3,26.2,29.1
2012-02-14,16.4,13,8.5,9.6
2012-02-15,8.8,8.2,9.1,3
2012-02-16,14.1,6.7,18.4,3.4
2012-02-17,19.6,10.2,12.4,1.6
2012-02-18,,5.8,25.1,2.6
2012-02-19,20.9,0.3,8.9,4.7
2012-02-20,11,2.5,5.1,1.7
2012-02-21,0,0,1.9,5.2
2012-02-22,3.4,1,10.2,6.8
2012-02-23,33.4,5.3,9.4,17
2012-02-24,4.4,5.6,1.5,7.8
2012-02-25,0,,1,3
2012-02-26,,9.1,36.3,3.6
2012-02-27,2.9,0.2,2.5,0
2012-02-28,0,0.5,20.5,0
2012-02-29,2.4,3.2,10.3,7.6
2012-03-01,2.4,0.2,21.8,1.1
2012-03-02,8.1,6.4,25.4,3.5
2012-03-03,0,0.1,40.5,0.5
2012-03-04,1.9,0.4,14.7,5.8
2012-03-05,0,0.2,3.9,7.2
2012-03-06,14.9,7.1,35.6,3
2012-03-07,4.9,0.9,19.3,0
2012-03-08,7.2,7.7,20.5,1.2
2012-03-09,0,6.6,16.2,0
2012-03-10,4.5,9.2,10.1,3
2012-03-11,2.1,0.1,16.8,0
2012-03-12,1.7,3.7,13,8.8
2012-03-13,0,,11.1,4.7
2012-03-14,0,0.5,4.5,3.4
2012-03-15,0,0.7,8.3,0
2012-03-16,14.8,0,4.7,0
2012-03-17,4.6,0.2,0,0
2012-03-18,0,0,8.8,0
2012-03-19,6.1,0,1.1,0
2012-03-20,5.1,0.2,13.8,0.8
2012-03-21,0,0,3.8,0
2012-03-22,0,,1.3,0
2012-03-23,0,0,0.5,1.2
2012-03-24,0,,1.8,0
2012-03-25,,0.8,10.7,0
2012-03-26,7.2,0.2,2.7,2
2012-03-27,3.1,9.9,15.5,8
2012-03-28,12.6,1.8,0.3,0
2012-03-29,3.8,0.5,9.1,0
2012-03-30,0,0,4.6,0
2012-03-31,11.2,0,49.8,0
2012-04-01,,1.4,15.2,1.7
2012-04-02,0,7,22.2,0.7
2012-04-03,0,0,0.3,0
2012-04-04,0,0.2,2.5,0
2012-04-05,0,0,0.4,0.5
2012-04-06,15.1,0.1,1,5.6
2012-04-07,17.5,1.1,3,0
2012-04-08,,0.4,18.6,3.6
2012-04-09,0,0,1.3,0
2012-04-10,0,0.9,19.6,0
2012-04-11,0,0.4,12.6,0
2012-04-12,0,0.1,41.6,0
2012-04-13,0,3.7,14.2,5
2012-04-14,10.3,0.9,0.5,0.8
2012-04-15,0,,3.4,1.5
2012-04-16,1.8,0,8.3,0
2012-04-17,,,9.6,0.3
2012-04-18,1.8,1,7.4,1.8
2012-04-19,0,0,5.9,1.6
2012-04-20,0,,2.7,0
2012-04-21,0,0.2,2.2,0
2012-04-22,0,,0.4,0
2012-04-23,0,0.1,7.5,1
2012-04-24,0,0,0.3,0
2012-04-25,4.2,0.5,1.2,0
2012-04-26,0,0,0,6
2012-04-27,0,0,2.6,0
2012-04-28,0,0,0,0
2012-04-29,0,0,0,0
2012-04-30,0,0,0,0
2012-05-01,0,0,5.6,0
2012-05-02,0,0,2.6,0
2012-05-03,0,0,0.3,0
2012-05-04,0,0.2,1,0
2012-05-05,0,0,0.2,0
2012-05-06,0,0,0,0
2012-05-07,0,0,0.8,0
2012-05-08,0,0,1.2,0
2012-05-09,0,0,0.3,0
2012-05-10,0,0,0,0
2012-05-11,0,0,0,0
2012-05-12,0,0,0.6,0
2012-05-13,0,0,0,0
2012-05-14,0,0,0,0
2012-05-15,0,0,27.4,0
2012-05-16,0,0,1.3,0
2012-05-17,0,0,0.2,0
2012-05-18,0,0,0.5,0
2012-05-19,0,0,0,0
2012-05-20,0,0,0.2,0
2012-05-21,0,0,33.3,0.6
2012-05-22,3.5,0.1,1,4.1
2012-05-23,0,0,6,0
2012-05-24,0,0,0,0.8
2012-05-25,0,0,0,0
2012-05-26,0,0,0,0
2012-05-27,0,0,0,0
2012-05-28,0,0,0,0
2012-05-29,,0,0,0
2012-05-30,,0,0,0
2012-05-31,0,0,2.3,0
2012-06-01,0,0,0.2,0
2012-06-02,0,0,0,0
2012-06-03,0,0,0,0
2012-06-04,0,0,0,0
2012-06-05,0,0,0.6,0
2012-06-06,0,0.2,19.3,0
2012-06-07,12.6,0.2,10.6,0
2012-06-08,0,,2.5,0
2012-06-09,0,0,0,0
2012-06-10,0,0,0,0
2012-06-11,0,0,0,0
2012-06-12,0,0,0,0
2012-06-13,0,0,0,0
2012-06-14,0,0,0,0
2012-06-15,0,0,0,0
2012-06-16,0,0,0,0
2012-06-17,0,0,0.1,0
2012-06-18,0,0,0,0
2012-06-19,0,0,0.4,0
2012-06-20,0,0,0,0
2012-06-21,0,0,0,0
2012-06-22,0,0,0,0
2012-06-23,0,0,2.2,0
2012-06-24,0,0,0,0
2012-06-25,0.5,0.2,7.7,0
2012-06-26,0,0,0,0
2012-06-27,0,0,0,0
2012-06-28,0,0,0,0
2012-06-29,0,0,0,0
2012-06-30,0,0,0,0
2012-07-01,0,0,0,0
2012-07-02,0,0,0,0
2012-07-03,0,0,5.8,0
2012-07-04,0,0,2.1,0
2012-07-05,0,1.6,4.8,0
2012-07-06,0,0,0.7,0
2012-07-07,0,,35.8,0
2012-07-08,0,0.2,3.2,0
2012-07-09,0,0,0,0
2012-07-10,0,0,0,0
2012-07-11,0,0,0,0
2012-07-12,0,0,0,0
2012-07-13,0,0,0,0
2012-07-14,0,0,0,0
2012-07-15,0,0,0,0
2012-07-16,0,0,0.3,0
2012-07-17,0,0,0.9,0
2012-07-18,0,0,0.3,0
2012-07-19,0,0,0,0
2012-07-20,0,0,0,0
2012-07-21,0,0,0,0
2012-07-22,0,0,0,0
2012-07-23,0,0,0,0
2012-07-24,0,0,0,0
2012-07-25,0,0,0,0
2012-07-26,0,0,0,0
2012-07-27,0,0,3.4,0
2012-07-28,0,0,0,0
2012-07-29,0,0,2.5,0
2012-07-30,0,0,8.2,0.8
2012-07-31,0,0,0,0
2012-08-01,0,0,0,0
2012-08-02,0,0,0,0
2012-08-03,0,0,0,0
2012-08-04,0,0,0,0
2012-08-05,0,0,0,0
2012-08-06,0,0,0,0
2012-08-07,0,0,0,0
2012-08-08,0,0,0,0
2012-08-09,0,0,0,0
2012-08-10,0,0,0,0
2012-08-11,0,0,0,0
2012-08-12,0,0,0,0
2012-08-13,0,0,0.9,0
2012-08-14,0,0,0,0
2012-08-15,0,0,0,0
2012-08-16,0,0.3,0,0
2012-08-17,0,0,0,0
2012-08-18,0,0,0,0
2012-08-19,0,0,0.4,0
2012-08-20,0,0,0,0
2012-08-21,0,0,0,0
2012-08-22,0,0,0,0
2012-08-23,0,0,0,0
2012-08-24,0,0,8.5,0.5
2012-08-25,0,0,18.2,0
2012-08-26,0,0,0.8,0
2012-08-27,0,0,0.5,0
2012-08-28,0,0,0,0
2012-08-29,0,0,0,0
2012-08-30,0,0,0,0
2012-08-31,0,0,0,0
2012-09-01,0,0,0,0
2012-09-02,0,0,6,0
2012-09-03,0,0,0.3,0
2012-09-04,0,0,0,0
2012-09-05,0,0,0,0
2012-09-06,0,0,0,0
2012-09-07,0,0,0,3.6
2012-09-08,1.5,0.5,9.8,0
2012-09-09,0,,11.1,0.8
2012-09-10,0,0,0.6,0
2012-09-11,0,0,0,0
2012-09-12,0,0,0.5,0
2012-09-13,0,0,2,0
2012-09-14,0,0,0,0
2012-09-15,0,0,0,0
2012-09-16,0,0,24.4,0
2012-09-17,0,0,3.5,0
2012-09-18,0,,0,1.6
2012-09-19,0,0,2.1,0
2012-09-20,0,0,0,0
2012-09-21,0,0,0.5,0
2012-09-22,2.5,5.3,2.5,0
2012-09-23,4.8,0,0.5,0
2012-09-24,0,0,0,0
2012-09-25,0,0,17,0
2012-09-26,0,0.2,0.6,3.8
2012-09-27,16.7,7.5,0,2.3
2012-09-28,0,0,0,0
2012-09-29,2.5,3.7,0.9,10.2
2012-09-30,0,0,0,1.8
2012-10-01,1.2,0,0,0
2012-10-02,0,0,0.1,0
2012-10-03,0,0,0,0
2012-10-04,0,0,8.1,0
2012-10-05,,0,0.4,0
2012-10-06,,0,6.7,0
2012-10-07,0,0,29,0
2012-10-08,7.4,2.2,7.7,1.8
2012-10-09,1.4,0,0,0
2012-10-10,4.9,0,4.4,0
2012-10-11,0,0,0.7,2.8
2012-10-12,0,0.2,3.1,0
2012-10-13,0,0,13.1,0
2012-10-14,0,,21,0
2012-10-15,0,0,2.5,0
2012-10-16,0,0,11.3,0
2012-10-17,0,0,3.5,0
2012-10-18,4.2,0,0,0
2012-10-19,0,0,0.3,0
2012-10-20,0,0,1.1,0
2012-10-21,6.6,2.8,0,0
2012-10-22,0,0,0.3,0
2012-10-23,0,1.4,17.9,0
2012-10-24,0,0,11,0
2012-10-25,0,0,2.7,0
2012-10-26,0,,2.3,0
2012-10-27,,0,18,0
2012-10-28,0,0,4.4,0
2012-10-29,0,0.7,4.4,0
2012-10-30,0,0.8,1.1,0
2012-10-31,0,0,0,4
2012-11-01,0,0.1,3.5,0
2012-11-02,4.9,0.7,4.6,0.2
2012-11-03,18.8,7.6,9.1,12.6
2012-11-04,3,0.2,1.6,1
2012-11-05,26.6,10,2,18.2
2012-11-06,3.5,0.3,2.5,0
2012-11-07,3.4,0,6,0
2012-11-08,0,0,0,6.6
2012-11-09,0,0,0,0
2012-11-10,0,0,0,0
2012-11-11,0,0,0,0
2012-11-12,0,0,1.3,0
2012-11-13,3.7,0.9,2.9,0
2012-11-14,5.8,6.4,1.2,0.7
2012-11-15,0,0.3,0,0
2012-11-16,5.6,1,29.7,0
2012-11-17,17,16.6,4,5.8
2012-11-18,7.9,7.1,11.7,27.2
2012-11-19,0,2.9,16.9,20.9
2012-11-20,5.8,7.2,2,20.2
2012-11-21,0,0,1.3,0
2012-11-22,0,0,0,0
2012-11-23,0,0,0.4,0
2012-11-24,0,0,1,0
2012-11-25,0,0,1.3,1.4
2012-11-26,0,0,1.3,0
2012-11-27,1.5,0,3,0
2012-11-28,0,0,0.3,0
2012-11-29,0,0,0.1,0
2012-11-30,0,5.2,0.6,12.2
2012-12-01,2.8,0,9.1,0.2
2012-12-02,0,6.5,19.5,0
2012-12-03,0,13.4,18.4,5.2
2012-12-04,0,5.2,27.6,7.3
2012-12-05,3.6,2.9,20,2.7
2012-12-06,0,0.9,40.4,1.4
2012-12-07,0,1.6,22.3,0.8
2012-12-08,0,0.2,35.8,2.3
2012-12-09,17,21.6,3.9,24.9
2012-12-10,2.3,13,10.2,8.4
2012-12-11,,2.1,13.5,6.7
2012-12-12,0,2.7,6.6,0.7
2012-12-13,17.4,0.4,15.5,1.5
2012-12-14,5.4,1.9,2.5,2.2
2012-12-15,44.6,2.2,23.1,0.3
2012-12-16,,10.4,21.4,1.2
2012-12-17,4.5,1.7,19.6,1.1
2012-12-18,6.4,1.4,11,11.2
2012-12-19,2,,7.3,1.8
2012-12-20,0,1.3,1,0
2012-12-21,6.5,6.2,6.1,13.6
2012-12-22,1.2,0.4,9.8,1.6
2012-12-23,1.2,1.4,9.6,0.6
2012-12-24,4.6,2.9,45,3.2
2012-12-25,12.8,0.7,35.8,4
2012-12-26,18,10.7,7.7,29.3
2012-12-27,2,3.8,18.4,0
2012-12-28,1.6,12,29.7,8.6
2012-12-29,3,1.9,18.5,4.3
2012-12-30,12.6,0.2,2.3,1.7
2012-12-31,9.5,4.4,5.6,0
2013-01-01,1,2.1,1.3,4.6
2013-01-02,2.4,0.6,4.7,6.2
2013-01-03,0,1.8,4.9,1.2
2013-01-04,8.5,4.7,13.4,14.4
2013-01-05,5.6,3.8,0.1,4.4
2013-01-06,5.3,0.3,0.2,0.2
2013-01-07,2.1,0.1,10.4,2.6
2013-01-08,0,2,4.3,4.2
2013-01-09,0,,14.4,0.2
2013-01-10,5.4,13.1,4.8,1.8
2013-01-11,9.7,4.4,11.3,0.4
2013-01-12,8.7,33.4,6.5,3.2
2013-01-13,10.6,0.3,9.3,2.3
2013-01-14,3.7,0.5,8.8,0.8
2013-01-15,1,0.1,4.6,0.9
2013-01-16,0.8,2.1,18.1,0.2
2013-01-17,3.3,7.6,7.8,6
2013-01-18,16.4,11.7,39.1,5.8
2013-01-19,9.8,4.2,10.1,0.3
2013-01-20,4,0.2,9.5,2.6
2013-01-21,14.5,24.9,14.2,20.6
2013-01-22,3.6,1.9,0,2
2013-01-23,0,,0,0
2013-01-24,9.4,0.2,0,0.8
2013-01-25,0,1.8,0.6,0
2013-01-26,1.1,0,7.4,6.8
2013-01-27,0.2,0,1,0
2013-01-28,4.6,1.5,1.1,0
2013-01-29,10.4,0,7,2.8
2013-01-30,2.5,0,5.2,3
2013-01-31,14,3.5,1,6.5
2013-02-01,2.5,18.3,0.5,14.5
2013-02-02,0,1.3,4.4,8.4
2013-02-03,4.5,12.3,22,8.2
2013-02-04,9.2,0.6,13.4,0.8
2013-02-05,2.5,0.7,10,0
2013-02-06,22.6,9.9,30.7,7.8
2013-02-07,9.1,10.1,11.6,16.5
2013-02-08,21.6,23.1,2.2,3.4
2013-02-09,4,3.7,34.6,10
2013-02-10,3.9,0.3,25.5,8.2
2013-02-11,7,5.4,25.7,6.1
2013-02-12,4.2,,4.9,0.5
2013-02-13,4.3,0.7,1.5,14.8
2013-02-14,9.6,0.5,11.2,4.8
2013-02-15,3.2,1.7,15.8,2.7
2013-02-16,1.3,8.1,9.9,4
2013-02-17,0,0.9,1.1,0.3
2013-02-18,7.1,5.4,39.8,0.6
2013-02-19,2,6.9,10.8,6.3
2013-02-20,2.5,1.6,11.5,22.6
2013-02-21,3.9,5.6,27.9,11.7
2013-02-22,3.8,1.1,3.9,0
2013-02-23,1.6,5.4,6.3,0
2013-02-24,2.5,,2.2,0
2013-02-25,0,2.2,6.4,0
2013-02-26,10.5,0.6,22.4,0
2013-02-27,0.4,1.3,17,0
2013-02-28,2.4,1.8,6.3,1.3
2013-03-01,0.3,1.8,15.3,1.7
2013-03-02,3.8,0.7,0.4,1.2
2013-03-03,,0.5,4.8,2.7
2013-03-04,6.3,0.2,2.6,0
2013-03-05,5.4,0,27.4,0
2013-03-06,6.6,6.5,36.5,4.3
2013-03-07,2.4,2.3,21.5,3
2013-03-08,0.4,,17.3,0
2013-03-09,5.8,2.8,23.1,1.8
2013-03-10,3.3,3.5,29.5,2.4
2013-03-11,8.4,2.5,0,0.3
2013-03-12,0,0,7.4,0.3
2013-03-13,3.3,6.8,2.1,2.7
2013-03-14,0,8.4,22.7,19.8
2013-03-15,5.7,10.8,0.9,2.1
2013-03-16,10.7,1.9,23.7,0.2
2013-03-17,10.4,14,35.3,8.8
2013-03-18,0.8,10.4,9.6,5.2
2013-03-19,0,0.6,0.2,6.7
2013-03-20,0,,7.7,0
2013-03-21,0,0,2.2,0
2013-03-22,0,0,2,0
2013-03-23,0,0,13.1,1.2
2013-03-24,0,0,3.8,0
2013-03-25,0,,12.9,0
2013-03-26,3.3,9.7,3.9,2
2013-03-27,0,3.9,18.7,0.3
2013-03-28,0,1.4,21.4,1.4
2013-03-29,0,0,0.9,0
2013-03-30,0,0,0.8,0
2013-03-31,0,0,0.2,0
2013-04-01,0,1.2,6.4,0
2013-04-02,12.6,,3.5,0
2013-04-03,10.5,0.6,8.3,0
2013-04-04,10.1,0.3,5.5,7.5
2013-04-05,5.4,,0.1,0.2
2013-04-06,0,0,0,0.4
2013-04-07,2.3,0,0.2,1.4
2013-04-08,1.5,0,6,6.5
2013-04-09,0,0,1.3,0
2013-04-10,0,0,5.9,0
2013-04-11,0,0,0,0
2013-04-12,0,0.3,0,0
2013-04-13,0,0,2.5,0.3
2013-04-14,0,0,3.5,0.4
2013-04-15,0,0,7.5,6.6
2013-04-16,0,0,8.5,0
2013-04-17,0,1.1,7.4,0
2013-04-18,0,0,0.5,0
2013-04-19,0,0,0,0
2013-04-20,0,0,0,0
2013-04-21,0,0,0,0
2013-04-22,0,,0,0
2013-04-23,0,0,0.3,0
2013-04-24,0,0,0,0
2013-04-25,0,0,0,0
2013-04-26,0,0,0,0
2013-04-27,0,0,2.2,0
2013-04-28,0,0,0,0
2013-04-29,0,0,0,0
2013-04-30,0,0,2.5,0
2013-05-01,,0,1.2,0
2013-05-02,,0,0,0.3
2013-05-03,,0,0,0
2013-05-04,,0,0,0
2013-05-05,,0,0,0
2013-05-06,,0,0,0
2013-05-07,,0,28,0
2013-05-08,,0,0,0
2013-05-09,,0,0,0
2013-05-10,,0,0,0
2013-05-11,,0,0.4,0
2013-05-12,,0,0,0.2
2013-05-13,,0,0,0
2013-05-14,,0,0.4,0
2013-05-15,,,0.4,5.8
2013-05-16,,0.1,7.9,0
2013-05-17,,0.9,10.2,0.8
2013-05-18,,0.4,1,2.2
2013-05-19,,0,4,1.2
2013-05-20,,0,3.5,0
2013-05-21,,0,0.5,0
2013-05-22,,0,0.6,0
2013-05-23,,0,0,0
2013-05-24,,0,2.4,0
2013-05-25,,0,0,0.2
2013-05-26,,0,0,0
2013-05-27,,0,0,0
2013-05-28,,0,0,0
2013-05-29,,0,1,0
2013-05-30,,0,0,0
2013-05-31,,0,2.1,0
2013-06-01,,,0,0
2013-06-02,,,0,0
2013-06-03,,,0,0
2013-06-04,,,26.3,0
2013-06-05,,,0,0
2013-06-06,,,16.8,0
2013-06-07,,,0.5,0
2013-06-08,,,1.6,0
2013-06-09,,,0,0
2013-06-10,,,0,3.8
2013-06-11,,,5.3,0
2013-06-12,,,18.5,1.6
2013-06-13,,,0,0
2013-06-14,,,0,0
2013-06-15,,,0,0
2013-06-16,,,0,0
2013-06-17,,,0,0
2013-06-18,,,5.3,0
2013-06-19,,,2.7,0
2013-06-20,,,1.7,0
2013-06-21,,,0,0
2013-06-22,,,0.5,0
2013-06-23,,,0,0
2013-06-24,,,1.5,0
2013-06-25,,,0,0
2013-06-26,,,0,0
2013-06-27,,,0,0
2013-06-28,,,0,0
2013-06-29,,,2.5,0
2013-06-30,,,0,0
2013-07-01,,0,0,0
2013-07-02,,0,0,0
2013-07-03,,0,4,1.6
2013-07-04,,0,0,0
2013-07-05,,0,0.9,0
2013-07-06,,0,2.9,0
2013-07-07,,0,0.6,0
2013-07-08,,0,0,0
2013-07-09,,0,0,0
2013-07-10,,0,0,0
2013-07-11,,0,0,0
2013-07-12,,0,0,0
2013-07-13,,0,0,0
2013-07-14,,0,2.4,0
2013-07-15,,,1.4,2.5
2013-07-16,,0,0,0
2013-07-17,,0,0,0
2013-07-18,,0,0,0
2013-07-19,,0,0,0
2013-07-20,,0,0,0
2013-07-21,,,7.4,0
2013-07-22,,0,3,0
2013-07-23,,0,0,0
2013-07-24,,0,12.9,0
2013-07-25,,0,0.3,0
2013-07-26,,0,0,0
2013-07-27,,0,0,0
2013-07-28,,0,0,0
2013-07-29,,0,0,0
2013-07-30,,0,0,0
2013-07-31,,0,0,0
2013-08-01,0,0,0,0
2013-08-02,0,0,0,0
2013-08-03,0,0,0,0
2013-08-04,0,0,5.5,0
2013-08-05,0,0,0,0
2013-08-06,0,0,1,0
2013-08-07,0,0,0,0
2013-08-08,0,0,0,0
2013-08-09,0,0,13.3,0
2013-08-10,0,0,0,0
2013-08-11,0,0,0,0
2013-08-12,0,0,0,0
2013-08-13,0,0,0,0
2013-08-14,0,0,0,0
2013-08-15,0,0,14.2,0
2013-08-16,0,0,0,0
2013-08-17,0,0,0,0
2013-08-18,0,0,0,0
2013-08-19,0,0,0,0
2013-08-20,0,0,0,0
2013-08-21,0,0,0,0
2013-08-22,0,0,14.5,0
2013-08-23,0,0.4,6.7,0
2013-08-24,7.5,8.4,22.5,10.8
2013-08-25,0,0,1,0
2013-08-26,0,0,0,0
2013-08-27,3.7,3.8,9,0.6
2013-08-28,4.3,8,5.2,4.4
2013-08-29,0,0,10.2,0
2013-08-30,0,0,0,0
2013-08-31,0,0,0,0
2013-09-01,0,0,0,0
2013-09-02,0,0,0,0
2013-09-03,0,0,0,0
2013-09-04,0,0,0,0
2013-09-05,0,0,0,0
2013-09-06,0,0,0,0
2013-09-07,0,0,0,0
2013-09-08,0,0,0,0
2013-09-09,0,0.5,7.9,0
2013-09-10,0,0,0,0
2013-09-11,0,0,0,0
2013-09-12,0,0,1.2,0
2013-09-13,0,0,0.4,1.4
2013-09-14,0,0,1.2,0
2013-09-15,0,0,0,0
2013-09-16,0,0,0,0
2013-09-17,0,0,1,0.7
2013-09-18,0,0,3.8,2.2
2013-09-19,0,0,16.9,1.3
2013-09-20,0,0,0.7,0
2013-09-21,2.4,0,0,0
2013-09-22,0,0,0,0
2013-09-23,11.4,1.7,16.2,0
2013-09-24,0,0,4.1,0
2013-09-25,0,0,0,0
2013-09-26,0,0,0,0
2013-09-27,5.1,0,0,0
2013-09-28,0,0,0.9,0
2013-09-29,0,0,1.8,0
2013-09-30,0,1,0,0
2013-10-01,0,0,2.4,1.2
2013-10-02,0,0,0,0
2013-10-03,0.3,0,0,0
2013-10-04,0,0,12.7,0
2013-10-05,1.7,0,6.3,2.2
2013-10-06,0,0,3.1,5.6
2013-10-07,0,0,0.3,0.6
2013-10-08,2.7,6.9,1.4,0.3
2013-10-09,0,1.2,1.9,2.1
2013-10-10,16.9,0,12.2,4.1
2013-10-11,0,0,17,0
2013-10-12,0,0,19.2,0
2013-10-13,5.1,8,19.3,6.2
2013-10-14,3.4,2.5,5.5,6.8
2013-10-15,0.9,3.3,9.2,0.4
2013-10-16,0,0,0,0
2013-10-17,0,2.7,0,1.8
2013-10-18,1.1,0,0,0
2013-10-19,0,0,10,1.4
2013-10-20,0,1.5,0.7,0
2013-10-21,0,0,12.5,0
2013-10-22,0.8,0,1,0.5
2013-10-23,0,4.1,19.9,7.6
2013-10-24,3.2,1,20.1,3.1
2013-10-25,1.2,0,6.1,15.3
2013-10-26,0.7,4.6,0.3,17.6
2013-10-27,1.1,0.1,14.4,16
2013-10-28,7.4,25.5,3.4,5.9
2013-10-29,0.6,0.5,0,0.2
2013-10-30,19.7,9.9,0.6,16.5
2013-10-31,5.3,0,0.4,16.6
2013-11-01,0,,4.3,2.2
2013-11-02,0,7.7,2,2.5
2013-11-03,1,3.2,29.3,0
2013-11-04,14.7,11.5,16.7,1.6
2013-11-05,19.8,19.3,8.8,6.5
2013-11-06,0.5,0,0,0
2013-11-07,0,0,16.2,0
2013-11-08,0,0,2.2,0
2013-11-09,0,0,0,2.2
2013-11-10,0,0,2.2,2.1
2013-11-11,0,0,21.5,0
2013-11-12,12.3,11.8,2.4,3.2
2013-11-13,0,0.6,5,0
2013-11-14,0,0,1,0
2013-11-15,0,0,0,0
2013-11-16,5,24.9,26.3,15.3
2013-11-17,2,1.9,0.6,2.7
2013-11-18,2.5,0,4.1,0
2013-11-19,1,0,0,0
2013-11-20,9.3,,21.3,2.6
2013-11-21,6.2,9.8,3.5,2.2
2013-11-22,0,4.2,4,8.1
2013-11-23,0,0,0,0
2013-11-24,0,0,5,1.7
2013-11-25,0,0,4,0
2013-11-26,0,0,0,0
2013-11-27,0,15.8,1.6,0
2013-11-28,0,2.7,0,0
2013-11-29,0,0,1.7,0
2013-11-30,1,0,1.8,0
2013-12-01,0,0,0.4,0.5
2013-12-02,4.7,24.5,12.5,22
2013-12-03,16.5,9.9,37,36.6
2013-12-04,0,0.7,43.4,2.2
2013-12-05,0,0.4,9,0
2013-12-06,0,0,9,0
2013-12-07,1,3.7,21,0
2013-12-08,10.4,13.8,25.5,14.2
2013-12-09,0,0.1,8,4.2
2013-12-10,3.7,5.4,0.8,19
2013-12-11,13.8,4,5,0.2
2013-12-12,4.4,7.7,0.9,15.9
2013-12-13,1,0,3.8,4.2
2013-12-14,3.2,3,11.2,8.2
2013-12-15,2.6,,0.4,0.4
2013-12-16,0,0,0,0
2013-12-17,0,0,0,0
2013-12-18,0,0.7,0,0.7
2013-12-19,2.9,5,2.5,4.8
2013-12-20,22.9,13.8,26,2.4
2013-12-21,6.3,10.7,3.7,4.8
2013-12-22,0,0.7,0.7,0.2
2013-12-23,9,7.3,16.2,2.8
2013-12-24,2.5,10.5,15.4,2.8
2013-12-25,5.3,1.8,26.4,0
2013-12-26,9.5,0,10.9,0
2013-12-27,6.1,10.5,48,13.2
2013-12-28,1,1.3,3.8,2.3
2013-12-29,2,0,1.2,0.7
2013-12-30,6.5,0.5,0.1,6.3
2013-12-31,0,,5.7,1.5
2014-01-01,0.6,0,3.8,1.6
2014-01-02,2,0,8.6,2.4
2014-01-03,3.4,1.9,6.1,13.8
2014-01-04,3,12.7,51.8,14.9
2014-01-05,5,2.4,10,0.8
2014-01-06,2,2.1,18.1,0.4
2014-01-07,7.5,12,19.6,0.7
2014-01-08,2.1,1,19.4,0.4
2014-01-09,3.1,1.7,16.8,0.8
2014-01-10,0,4.3,17.6,1.4
2014-01-11,0,5.9,8.7,2.2
2014-01-12,5.1,3.4,11.9,1.2
2014-01-13,1.1,0,3.9,0
2014-01-14,6.4,0.5,8.6,0
2014-01-15,0.7,,34.8,1
2014-01-16,11.5,4.6,1.7,15.2
2014-01-17,4.2,2.1,22.1,0
2014-01-18,2,7.7,9.7,9.8
2014-01-19,4.1,32.7,43.5,19
2014-01-20,0,1,3.5,1.4
2014-01-21,5.2,1.5,19.9,12
2014-01-22,5,3.3,9.6,0.2
2014-01-23,0,17.1,21.1,5.1
2014-01-24,0,0.2,9.3,0
2014-01-25,0,0,2.8,0
2014-01-26,1.3,0,0.7,0
2014-01-27,0,0.3,10.8,16.8
2014-01-28,0,0,6.7,0
2014-01-29,2,1.3,8.6,0.4
2014-01-30,3.2,0.9,5.3,6
2014-01-31,4.2,3.4,66.3,16.3
2014-02-01,5.2,3.7,21.5,8.1
2014-02-02,0,0.8,2.2,0.9
2014-02-03,0,0,2.9,0
2014-02-04,0,0,0,0
2014-02-05,3.7,0,16.3,0
2014-02-06,1,0,16,6.8
2014-02-07,6.2,0,1.3,6
2014-02-08,0,8.1,10.1,11.8
2014-02-09,0,7.2,22.4,4.8
2014-02-10,8.2,2.9,7.5,3.1
2014-02-11,2.6,2.2,1.7,1
2014-02-12,1.4,0.1,16.1,0.6
2014-02-13,5.9,1.6,3.6,3.7
2014-02-14,7.9,1,1.5,2.3
2014-02-15,4.4,0,6,2.4
2014-02-16,2,7.2,0.5,7.7
2014-02-17,2,,0.6,4.3
2014-02-18,0,1,2.2,4.5
2014-02-19,0,13.4,34.1,3.5
2014-02-20,7,0.2,3.1,0
2014-02-21,2.4,6.1,3.2,2.4
2014-02-22,3.1,0,0.6,0
2014-02-23,8.2,6.9,19.6,0.6
2014-02-24,12.3,0.2,6.7,0
2014-02-25,4.1,3.5,6.5,6.2
2014-02-26,2,2.3,11.8,1.9
2014-02-27,0.5,1,1.4,0
2014-02-28,1,0.5,1.8,0
2014-03-01,1.7,0,0,0
2014-03-02,3.8,1,1.6,0.3
2014-03-03,0,4.7,7.7,0.5
2014-03-04,2,3,9.3,0
2014-03-05,1.2,0,21.8,0
2014-03-06,1.4,0,0.6,0
2014-03-07,10.8,3.8,8,7.7
2014-03-08,4.3,0.3,6.3,0.7
2014-03-09,1.4,0,5.1,0
2014-03-10,5,0.6,0.8,0
2014-03-11,9.6,11.4,14.8,11.2
2014-03-12,5.5,0.6,3.7,1
2014-03-13,4,0.1,18.6,1.5
2014-03-14,5.9,2.1,15.5,0.7
2014-03-15,2.6,2,3.2,0
2014-03-16,5.9,4.1,18.1,3.5
2014-03-17,3.6,0.1,19.9,0.4
2014-03-18,4.4,0,1.2,1.4
2014-03-19,4.7,3.5,0.5,1.4
2014-03-20,3.2,0,5.2,2.8
2014-03-21,7.2,6.7,3,8.8
2014-03-22,5.9,1.3,3.4,4.4
2014-03-23,5.3,4.4,5.7,11.5
2014-03-24,2,0,12.5,0
2014-03-25,10,0,23.8,0
2014-03-26,0,0.6,6.1,0
2014-03-27,5.7,0.3,9.4,3.2
2014-03-28,1.2,0,4.5,2.4
2014-03-29,0,0,0,0
2014-03-30,0,0,2.4,0
2014-03-31,0,1.8,0,5.3
2014-04-01,0,0,1,0
2014-04-02,1.3,0,0,0
2014-04-03,2.1,0,1.3,0
2014-04-04,0,3.1,13,11.1
2014-04-05,0,0,2,0
2014-04-06,0.5,0,0,0
2014-04-07,3.1,2.1,6.4,0
2014-04-08,0,0,3.4,0
2014-04-09,2.5,0,4.4,0.3
2014-04-10,0.4,0,0.4,0.6
2014-04-11,0,0,0,1.8
2014-04-12,0,0,5.9,0
2014-04-13,2.1,5.6,10.9,1.4
2014-04-14,0.3,0,7.4,0
2014-04-15,0.5,0,1.2,0
2014-04-16,0,1.1,0,0
2014-04-17,0,0,16.1,0
2014-04-18,0,0.3,0,0
2014-04-19,0,0,3.1,0
2014-04-20,1.5,0,12.8,0
2014-04-21,5.3,10.4,8.9,11.6
2014-04-22,0,0,0.5,0
2014-04-23,0,0,2.1,0.8
2014-04-24,0,0,33.4,0
2014-04-25,0,0,4,1.4
2014-04-26,0,0,2.4,0
2014-04-27,0,0,0,0
2014-04-28,0,0,2,0
2014-04-29,0.3,9.9,6.8,21
2014-04-30,0,0,0,0
2014-05-01,0,0,0,0
2014-05-02,4.5,0,2.8,0
2014-05-03,0,0,3,0
2014-05-04,5.2,0,0,0.5
2014-05-05,0,0,12.1,0
2014-05-06,0,1.5,4,2.1
2014-05-07,0,0,0,0
2014-05-08,0,0,13.1,1.2
2014-05-09,0,0,0,0
2014-05-10,0,0,2.6,0
2014-05-11,0.2,0,5.2,0
2014-05-12,1.3,0,9.1,0
2014-05-13,0,0,0,0
2014-05-14,0.9,0,1.2,0
2014-05-15,0,0,0,0
2014-05-16,0,0,0,0
2014-05-17,0,0,0.9,0
2014-05-18,0,0,3.3,0
2014-05-19,0,0,0,0
2014-05-20,0,0,0,2.8
2014-05-21,0,0.1,17.2,0
2014-05-22,0.4,7.8,29.3,6.2
2014-05-23,0,0.8,2.4,0
2014-05-24,0,0,0,0
2014-05-25,0,0,0,0
2014-05-26,0,0,0,0
2014-05-27,0,0,0,0
2014-05-28,0,0,0,0
2014-05-29,0,0,0,0
2014-05-30,0,0,0,0
2014-05-31,0,0,0,0
2014-06-01,0,0,0,0
2014-06-02,0,0,0,0
2014-06-03,0,0,0,0
2014-06-04,0,0,0,0
2014-06-05,0,0,0,0
2014-06-06,0,0,0,0
2014-06-07,0,0,0,0
2014-06-08,0,0,0,0
2014-06-09,0,0,0,0
2014-06-10,0,0,0,0
2014-06-11,0,0,2.4,0
2014-06-12,0,0,1.2,0
2014-06-13,0,0,6.1,0
2014-06-14,0,0,0,0
2014-06-15,0,0,0,0
2014-06-16,0,0,0,0
2014-06-17,0,0,0,0
2014-06-18,0,0,0,0
2014-06-19,0,0,0,0
2014-06-20,0,0,0,0
2014-06-21,0,0,0,0
2014-06-22,0,0,0,0
2014-06-23,0,0,0,0
2014-06-24,0,0,0,0
2014-06-25,0,0,0,0
2014-06-26,0,0,0,0
2014-06-27,0,0,0,0
2014-06-28,0,0,1.1,0
2014-06-29,0,0,2.5,0
2014-06-30,0,0,0.8,0
2014-07-01,0,0,1,0
2014-07-02,0,0,0,0
2014-07-03,0,0,0,0
2014-07-04,0,0,0,0
2014-07-05,0,0,0,0
2014-07-06,0,0,3.4,0
2014-07-07,0,0,12.8,0
2014-07-08,0,0,0.6,0
2014-07-09,0,0,0,0.3
2014-07-10,0,0,0,0
2014-07-11,0,0,0,0
2014-07-12,0,0,0,0
2014-07-13,0,0,0,0
2014-07-14,0,0,0,0
2014-07-15,0,0,0,0
2014-07-16,0,0,0,0
2014-07-17,0,0,0,0
2014-07-18,0,0.1,0.8,0
2014-07-19,0.2,,5.6,0
2014-07-20,1.2,,0.8,0
2014-07-21,0,0,3.2,0
2014-07-22,0,0,0,0
2014-07-23,0,0,0,0
2014-07-24,0,0,0,0
2014-07-25,0,0,2,0.8
2014-07-26,0,0,8.7,0
2014-07-27,0,0,2.9,0
2014-07-28,1.8,0,6,0
2014-07-29,0,0,0,0
2014-07-30,2.2,0,3.2,0.2
2014-07-31,0,0,0,0
2014-08-01,0,0.5,0,0
2014-08-02,0,0,0,0
2014-08-03,0,0,0,0
2014-08-04,0,0,0.9,1.2
2014-08-05,0,0,0,0
2014-08-06,0,0,4.7,0
2014-08-07,0,0,7.4,0
2014-08-08,2,0,7.1,0
2014-08-09,0.4,0,2.2,0
2014-08-10,0,0,0,0
2014-08-11,0,0,0,0
2014-08-12,0,0,0,0
2014-08-13,0,0,1.4,0
2014-08-14,0,0,0,0
2014-08-15,1.2,0,0,0
2014-08-16,1,0,0,0
2014-08-17,0,0,0,0
2014-08-18,0,0,0,0
2014-08-19,0,0,0,0
2014-08-20,0,0,0,0
2014-08-21,0,0,0,0
2014-08-22,0,0,0,0
2014-08-23,0,0,0,0
2014-08-24,0,0,0,0
2014-08-25,0,0,0,0
2014-08-26,0,0,0,0
2014-08-27,0,0,0,0
2014-08-28,0.5,0,0.6,0
2014-08-29,0,0,17.2,0
2014-08-30,1.5,0,0.4,0
2014-08-31,2,,11.5,0.3
2014-09-01,0,0,0,0
2014-09-02,0,0,0,0
2014-09-03,0,0,6.6,0
2014-09-04,0,1.1,11.2,0
2014-09-05,2.5,3.4,5.9,10.2
2014-09-06,1.4,1,7.5,2.2
2014-09-07,0,0,4.8,0
2014-09-08,0,0,0,0
2014-09-09,0,0,0,0
2014-09-10,0.5,0,6.4,0
2014-09-11,2.5,0,1.9,0
2014-09-12,0,0,0.3,0
2014-09-13,0,0,0,0
2014-09-14,0,0,0,0
2014-09-15,0,0,11,0
2014-09-16,0,0.2,2.1,0
2014-09-17,0,0.2,5.7,0
2014-09-18,1.7,0,0,0.9
2014-09-19,0,0,0.6,0
2014-09-20,1.5,0,1.5,0
2014-09-21,0,0,1.8,0
2014-09-22,0,0,1,0
2014-09-23,0,0,13.4,0
2014-09-24,0,0,3.3,0
2014-09-25,0,0,2.3,9.1
2014-09-26,0,0.1,1.4,0.5
2014-09-27,0.6,,18.8,0
2014-09-28,0,0.2,0.8,0
2014-09-29,5,0,0.5,0
2014-09-30,0,0,0,0
2014-10-01,0,0,18.6,0
2014-10-02,0,0,0,0
2014-10-03,0,0,0.8,0
2014-10-04,0,8,0,5.8
2014-10-05,2,0,12.9,0
2014-10-06,6.2,0,1.7,0
2014-10-07,2.4,19.8,10.1,17.9
2014-10-08,1.5,0,39.2,0
2014-10-09,2.4,0,0.5,0
2014-10-10,0,0,3.6,0
2014-10-11,2,0,5.8,0
2014-10-12,0,0,0.2,0
2014-10-13,0,0,0,0
2014-10-14,0,0,0,0
2014-10-15,0,0,0,0
2014-10-16,0,0,0,0
2014-10-17,0,0,1.2,0
2014-10-18,0,1.6,0.8,0
2014-10-19,3,0.4,1,0
2014-10-20,2.3,0,8.3,0
2014-10-21,0,0.4,28.2,2.7
2014-10-22,0,0.3,0.8,
2014-10-23,2.5,7.2,11.5,
2014-10-24,2.6,15.6,16.9,
2014-10-25,2.6,0.8,1,0
2014-10-26,0,2.6,0,0
2014-10-27,0.8,0,2.8,0
2014-10-28,0,0,11.1,1.3
2014-10-29,0,0,1,0
2014-10-30,0,0,7.1,0.5
2014-10-31,0,0,0.8,0
2014-11-01,0,0,0.7,0
2014-11-02,0.8,3.4,0,3.3
2014-11-03,0,0,0,0
2014-11-04,0,0,2.6,0
2014-11-05,0.2,,8.8,0
2014-11-06,0,0,0.8,0
2014-11-07,0.1,0,0,0
2014-11-08,0,0,2.5,0
2014-11-09,6.2,11.9,7.7,1.1
2014-11-10,0,2.4,8.4,0
2014-11-11,0,0.3,1.6,2.2
2014-11-12,0,0,7.2,0
2014-11-13,0,2.8,6.2,0
2014-11-14,2,0,7.7,0
2014-11-15,2.2,0,2,0
2014-11-16,1.5,0,13.4,0
2014-11-17,3.6,0,2.8,0
2014-11-18,0,1,0,0
2014-11-19,0.6,0,7.6,0
2014-11-20,2.4,0,0.7,2.9
2014-11-21,0,0,0,0
2014-11-22,2.8,8.8,24,3
2014-11-23,1.8,,11.2,0
2014-11-24,1.2,0,0,0
2014-11-25,0,0,0,0
2014-11-26,0,0,0,0
2014-11-27,3,0,0,0
2014-11-28,0.8,0,0.6,0
2014-11-29,0,0,0,0
2014-11-30,0,0,0.7,0
2014-12-01,,0,20.7,7.9
2014-12-02,,0.4,2.1,2.6
2014-12-03,,1.2,3.5,0
2014-12-04,,0.2,35.4,0
2014-12-05,,0.5,2.6,0
2014-12-06,,0.2,0,0
2014-12-07,,3.4,5.5,0
2014-12-08,,10.5,18.9,15.4
2014-12-09,,0,0,0
2014-12-10,,0,1.9,0
2014-12-11,,0.8,2,1.3
2014-12-12,,9.5,1.8,1.1
2014-12-13,,0.5,0.8,3.7
2014-12-14,,5.2,2.2,0.9
2014-12-15,,3.3,12.6,0
2014-12-16,,11.2,2.4,16.4
2014-12-17,,4.8,3.6,3.1
2014-12-18,,18.9,7.9,12.2
2014-12-19,,4.8,0,10
2014-12-20,,1,0.5,11.2
2014-12-21,,0,0,0
2014-12-22,,0.2,8.6,0
2014-12-23,,0,15.2,3
2014-12-24,,0,6,0
2014-12-25,,1.6,17.6,0
2014-12-26,,3.3,3,6.5
2014-12-27,,3.5,21.6,0
2014-12-28,,12.1,7.7,4
2014-12-29,,0.7,6.4,2.2
2014-12-30,,0.1,5.2,4.3
2014-12-31,,1.7,2.4,0
